Workbook

Sheet Overview
A2: Aim
A3: Investigate access to safe and affordable drinking water.
A5: Questions
A6: 1 | B6: How frequently was water access data collected across countries?
A7: 2 | B7: How does the annual rate of change in water access differ between rural and urban populations?
A8: 3 | B8: How does the rate of change in water access vary across regions and population sizes?
A10: Key Findings
A11: 1 | B11: Data was collected between 2015 and 2020 with an average year difference of 4.8, with most countries having a 5 year difference and a few between 1 and 4. Different collection periods demand use of annual rates of change to compare countries fairly.
A12: 2 | B12: Rural water access improved faster than urban access, averaging 0.48 against 0.15 percentage points per year. The higher rural rate reflects that rural areas start at a lower base.
A13: 3 | B13: Sub-Saharan Africa improved fastest at 0.56 percentage points per year, while Europe & Central Asia and North America barely changed. These regions are already near full access, so a low rate reflects little room to improve rather than poor performance.
A15: Data Dictionary
A16: pop_n | B16: The national population size estimate, in thousands.
A17: pop_u | B17: The urban population share estimate in percentage points (%).
A18: pop_r | B18: The rural population share estimate in percentage points (%).
A19: ARC | B19: Annual rate of change. This is the yearly change of access to water in percentage points.
A20: ARC_n | B20: The national Annual Rate of Change.
A21: ARC_u | B21: The urban Annual Rate of Change.
A22: ARC_r | B22: The rural Annual Rate of Change.
A23: wat_unimp_n | B23: The estimated national share of people with unimproved service (%).
A24: wat_unimp_u | B24: The estimated urban share of people with unimproved service (%).
A25: wat_unimp_r | B25: The estimated rural share of people with unimproved service (%).
A26: wat_sur_n | B26: The estimated national share of people with surface service (%).
A27: wat_sur_u | B27: The estimated urban share of people with surface service (%).
... A31: wat_bas_r | B31: The estimated rural share of people with at least basic service (%).

Sheet Estimates of the use of water (
A1: name | B1: region | C1: year | D1: year_difference | E1: ARC_n | F1: pop_n | G1: pop_u | H1: wat_bas_n | I1: wat base_n_ rounded | J1: wat base n_access | K1: wat_lim_n | L1: wat_unimp_n | M1: wat_sur_n | N1: wat_bas_r | O1: wat _bas_r_round | P1: wat_bas_r_access | Q1: Arc R | R1: wat_lim_r | S1: wat_unimp_r | T1: wat_sur_r | U1: wat_bas_u | V1: wat_bas_u_round | W1: wat_bas_u_access | X1: Arc U | Y1: wat_lim_u | Z1: wat_unimp_u | AA1: wat_sur_u | AB1: ARC difference
A2: Afghanistan | B2: =VLOOKUP(A2,Regions!A:B,2,0) -> South Asia | C2: 2015 | D2: =IF(A3=A2,ABS(C3-C2),"") -> 5 | E2: =IFERROR(IF(A3=A2,((H2-H3)/(C2-C3)), ""), "null") -> 2.7503265 | F2: 34413.602 | G2: 24.802999 | H2: 61.339781 | I2: =IFERROR(ROUND(H2,0),"null") -> 61 | J2: =IF(AND(A3=A2,I2=100,I3=100),"full access", " ") | K2: 3.5111995 | L2: 22.168784 | M2: 12.980236 | N2: 52.988502 | O2: =IFERROR(ROUND(N2,0),"null") -> 53 | P2: =IF(AND(A2=A3,O2=100,O3=100),"full access"," ") | Q2: =IFERROR(IF(A3=A2,((N2-N3)/(C2-C3)),""),"null") -> 2.6678826 | R2: 3.8611366 | S2: 26.553268 | T2: 16.597094 | U2: 86.658941 | V2: =IFERROR(ROUND(U2,0),"null") -> 87 | W2: =IF(AND(A2=A3,V2=100,V3=100),"full access","") | X2: =IFERROR(IF(A3=A2,((U2-U3)/(C2-C3)),""),"null") -> 2.6682119 | Y2: 2.4502706 | Z2: 8.8760357 | AA2: 2.014753 | AB2: =IFERROR(IF(A3=A2, Q2-X2, ""), "null") -> -0.000329218
A3: Afghanistan | B3: =VLOOKUP(A3,Regions!A:B,2,0) -> South Asia | C3: 2020 | D3: =IF(A4=A3,ABS(C4-C3),"") | E3: =IFERROR(IF(A4=A3,((H3-H4)/(C3-C4)), ""), "null") | F3: 38928.34 | G3: 26.025999 | H3: 75.091413 | I3: =IFERROR(ROUND(H3,0),"null") -> 75 | J3: =IF(AND(A4=A3,I3=100,I4=100),"full access", " ") | K3: 1.4475417 | L3: 14.560263 | M3: 8.9007822 | N3: 66.327915 | O3: =IFERROR(ROUND(N3,0),"null") -> 66 | P3: =IF(AND(A3=A4,O3=100,O4=100),"full access"," ") | Q3: =IFERROR(IF(A4=A3,((N3-N4)/(C3-C4)),""),"null") | R3: 1.9568249 | S3: 19.682949 | T3: 12.032311 | U3: 100 | V3: =IFERROR(ROUND(U3,0),"null") -> 100 | W3: =IF(AND(A3=A4,V3=100,V4=100),"full access","") | X3: =IFERROR(IF(A4=A3,((U3-U4)/(C3-C4)),""),"null") | Y3: 0 | Z3: 0 | AA3: 0 | AB3: =IFERROR(IF(A4=A3, Q3-X3, ""), "null")
A4: Albania | B4: =VLOOKUP(A4,Regions!A:B,2,0) -> Europe & Central Asia | C4: 2015 | D4: =IF(A5=A4,ABS(C5-C4),"") -> 5 | E4: =IFERROR(IF(A5=A4,((H4-H5)/(C4-C5)), ""), "null") -> 0.3347427 | F4: 2890.5239 | G4: 57.433998 | H4: 93.394325 | I4: =IFERROR(ROUND(H4,0),"null") -> 93 | J4: =IF(AND(A5=A4,I4=100,I5=100),"full access", " ") | K4: 3.6263837 | L4: 2.979291 | M4: 0 | N4: 90.627275 | O4: =IFERROR(ROUND(N4,0),"null") -> 91 | P4: =IF(AND(A4=A5,O4=100,O5=100),"full access"," ") | Q4: =IFERROR(IF(A5=A4,((N4-N5)/(C4-C5)),""),"null") -> 0.69281669 | R4: 5.2631726 | S4: 4.1095527 | T4: 0 | U4: 95.445067 | V4: =IFERROR(ROUND(U4,0),"null") -> 95 | W4: =IF(AND(A4=A5,V4=100,V5=100),"full access","") | X4: =IFERROR(IF(A5=A4,((U4-U5)/(C4-C5)),""),"null") -> 0.043748432 | Y4: 2.4133118 | Z4: 2.1416212 | AA4: 0 | AB4: =IFERROR(IF(A5=A4, Q4-X4, ""), "null") -> 0.64906826
A5: Albania | B5: =VLOOKUP(A5,Regions!A:B,2,0) -> Europe & Central Asia | C5: 2020 | D5: =IF(A6=A5,ABS(C6-C5),"") | E5: =IFERROR(IF(A6=A5,((H5-H6)/(C5-C6)), ""), "null") | F5: 2877.8 | G5: 62.112 | H5: 95.068039 | I5: =IFERROR(ROUND(H5,0),"null") -> 95 | J5: =IF(AND(A6=A5,I5=100,I6=100),"full access", " ") | K5: 1.8846561 | L5: 3.0473051 | M5: 0 | N5: 94.091358 | O5: =IFERROR(ROUND(N5,0),"null") -> 94 | P5: =IF(AND(A5=A6,O5=100,O6=100),"full access"," ") | Q5: =IFERROR(IF(A6=A5,((N5-N6)/(C5-C6)),""),"null") | R5: 2.305265 | S5: 3.603377 | T5: 0 | U5: 95.663809 | V5: =IFERROR(ROUND(U5,0),"null") -> 96 | W5: =IF(AND(A5=A6,V5=100,V6=100),"full access","") | X5: =IFERROR(IF(A6=A5,((U5-U6)/(C5-C6)),""),"null") | Y5: 1.6280868 | Z5: 2.7081041 | AA5: 0 | AB5: =IFERROR(IF(A6=A5, Q5-X5, ""), "null")
A6: Algeria | B6: =VLOOKUP(A6,Regions!A:B,2,0) -> Middle East & North Africa | C6: 2015 | D6: =IF(A7=A6,ABS(C7-C6),"") -> 5 | E6: =IFERROR(IF(A7=A6,((H6-H7)/(C6-C7)), ""), "null") -> 0.20555369 | F6: 39728.02 | G6: 70.848 | H6: 93.409562 | I6: =IFERROR(ROUND(H6,0),"null") -> 93 | J6: =IF(AND(A7=A6,I6=100,I7=100),"full access", " ") | K6: 5.1577809 | L6: 1.2754647 | M6: 0.15719289 | N6: 88.352707 | O6: =IFERROR(ROUND(N6,0),"null") -> 88 | P6: =IF(AND(A6=A7,O6=100,O7=100),"full access"," ") | Q6: =IFERROR(IF(A7=A6,((N6-N7)/(C6-C7)),""),"null") -> 0.33696621 | R6: 8.6857531 | S6: 2.5804318 | T6: 0.38110822 | U6: 95.490315 | V6: =IFERROR(ROUND(U6,0),"null") -> 95 | W6: =IF(AND(A6=A7,V6=100,V7=100),"full access","") | X6: =IFERROR(IF(A7=A6,((U6-U7)/(C6-C7)),""),"null") -> 0.10288423 | Y6: 3.7061173 | Z6: 0.73851009 | AA6: 0.065057898 | AB6: =IFERROR(IF(A7=A6, Q6-X6, ""), "null") -> 0.23408198
A7: Algeria | B7: =VLOOKUP(A7,Regions!A:B,2,0) -> Middle East & North Africa | C7: 2020 | D7: =IF(A8=A7,ABS(C8-C7),"") | E7: =IFERROR(IF(A8=A7,((H7-H8)/(C7-C8)), ""), "null") | F7: 43851.043 | G7: 73.733002 | H7: 94.43733 | I7: =IFERROR(ROUND(H7,0),"null") -> 94 | J7: =IF(AND(A8=A7,I7=100,I8=100),"full access", " ") | K7: 4.9858808 | L7: 0.53183666 | M7: 0.044952533 | N7: 90.037538 | O7: =IFERROR(ROUND(N7,0),"null") -> 90 | P7: =IF(AND(A7=A8,O7=100,O8=100),"full access"," ") | Q7: =IFERROR(IF(A8=A7,((N7-N8)/(C7-C8)),""),"null") | R7: 8.7967221 | S7: 0.99460303 | T7: 0.17113693 | U7: 96.004736 | V7: =IFERROR(ROUND(U7,0),"null") -> 96 | W7: =IF(AND(A7=A8,V7=100,V8=100),"full access","") | X7: =IFERROR(IF(A8=A7,((U7-U8)/(C7-C8)),""),"null") | Y7: 3.6282886 | Z7: 0.36697555 | AA7: 0 | AB7: =IFERROR(IF(A8=A7, Q7-X7, ""), "null")
A8: American Samoa | B8: =VLOOKUP(A8,Regions!A:B,2,0) -> East Asia & Pacific | C8: 2015 | D8: =IF(A9=A8,ABS(C9-C8),"") -> 5 | E8: =IFERROR(IF(A9=A8,((H8-H9)/(C8-C9)), ""), "null") -> 0.030933702 | F8: 55.806 | G8: 87.238007 | H8: 99.619103 | I8: =IFERROR(ROUND(H8,0),"null") -> 100 | J8: =IF(AND(A9=A8,I8=100,I9=100),"full access", " ") -> full access | K8: 0 | L8: 0.38089685 | M8: 0 | N8: null | O8: =IFERROR(ROUND(N8,0),"null") -> null | P8: =IF(AND(A8=A9,O8=100,O9=100),"full access"," ") | Q8: =IFERROR(IF(A9=A8,((N8-N9)/(C8-C9)),""),"null") -> null | R8: null | S8: null | T8: null | U8: null | V8: =IFERROR(ROUND(U8,0),"null") -> null | W8: =IF(AND(A8=A9,V8=100,V9=100),"full access","") | X8: =IFERROR(IF(A9=A8,((U8-U9)/(C8-C9)),""),"null") -> null | Y8: null | Z8: null | AA8: null | AB8: =IFERROR(IF(A9=A8, Q8-X8, ""), "null") -> null
A9: American Samoa | B9: =VLOOKUP(A9,Regions!A:B,2,0) -> East Asia & Pacific | C9: 2020 | D9: =IF(A10=A9,ABS(C10-C9),"") | E9: =IFERROR(IF(A10=A9,((H9-H10)/(C9-C10)), ""), "null") | F9: 55.196999 | G9: 87.153 | H9: 99.773772 | I9: =IFERROR(ROUND(H9,0),"null") -> 100 | J9: =IF(AND(A10=A9,I9=100,I10=100),"full access", " ") | K9: 0 | L9: 0.22622834 | M9: 0 | N9: null | O9: =IFERROR(ROUND(N9,0),"null") -> null | P9: =IF(AND(A9=A10,O9=100,O10=100),"full access"," ") | Q9: =IFERROR(IF(A10=A9,((N9-N10)/(C9-C10)),""),"null") | R9: null | S9: null | T9: null | U9: null | V9: =IFERROR(ROUND(U9,0),"null") -> null | W9: =IF(AND(A9=A10,V9=100,V10=100),"full access","") | X9: =IFERROR(IF(A10=A9,((U9-U10)/(C9-C10)),""),"null") | Y9: null | Z9: null | AA9: null | AB9: =IFERROR(IF(A10=A9, Q9-X9, ""), "null")
A10: Andorra | B10: =VLOOKUP(A10,Regions!A:B,2,0) -> Europe & Central Asia | C10: 2015 | D10: =IF(A11=A10,ABS(C11-C10),"") -> 5 | E10: =IFERROR(IF(A11=A10,((H10-H11)/(C10-C11)), ""), "null") -> 1.23e-06 | F10: 77.992996 | G10: 88.344994 | H10: 99.999998 | I10: =IFERROR(ROUND(H10,0),"null") -> 100 | J10: =IF(AND(A11=A10,I10=100,I11=100),"full access", " ") -> full access | K10: 0 | L10: 2.4455384e-06 | M10: 0 | N10: 100 | O10: =IFERROR(ROUND(N10,0),"null") -> 100 | P10: =IF(AND(A10=A11,O10=100,O11=100),"full access"," ") -> full access | Q10: =IFERROR(IF(A11=A10,((N10-N11)/(C10-C11)),""),"null") -> 0 | R10: 0 | S10: 0 | T10: 0 | U10: 100 | V10: =IFERROR(ROUND(U10,0),"null") -> 100 | W10: =IF(AND(A10=A11,V10=100,V11=100),"full access","") -> full access | X10: =IFERROR(IF(A11=A10,((U10-U11)/(C10-C11)),""),"null") -> 0 | Y10: 0 | Z10: 0 | AA10: 0 | AB10: =IFERROR(IF(A11=A10, Q10-X10, ""), "null") -> 0
A11: Andorra | B11: =VLOOKUP(A11,Regions!A:B,2,0) -> Europe & Central Asia | C11: 2020 | D11: =IF(A12=A11,ABS(C12-C11),"") | E11: =IFERROR(IF(A12=A11,((H11-H12)/(C11-C12)), ""), "null") | F11: 77.264999 | G11: 87.916 | H11: 100 | I11: =IFERROR(ROUND(H11,0),"null") -> 100 | J11: =IF(AND(A12=A11,I11=100,I12=100),"full access", " ") | K11: 0 | L11: 0 | M11: 0 | N11: 100 | O11: =IFERROR(ROUND(N11,0),"null") -> 100 | P11: =IF(AND(A11=A12,O11=100,O12=100),"full access"," ") | Q11: =IFERROR(IF(A12=A11,((N11-N12)/(C11-C12)),""),"null") | R11: 0 | S11: 0 | T11: 0 | U11: 100 | V11: =IFERROR(ROUND(U11,0),"null") -> 100 | W11: =IF(AND(A11=A12,V11=100,V12=100),"full access","") | X11: =IFERROR(IF(A12=A11,((U11-U12)/(C11-C12)),""),"null") | Y11: 0 | Z11: 0 | AA11: 0 | AB11: =IFERROR(IF(A12=A11, Q11-X11, ""), "null")
A12: Angola | B12: =VLOOKUP(A12,Regions!A:B,2,0) -> Sub-Saharan Africa | C12: 2015 | D12: =IF(A13=A12,ABS(C13-C12),"") -> 5 | E12: =IFERROR(IF(A13=A12,((H12-H13)/(C12-C13)), ""), "null") -> 0.57016185 | F12: 27884.381 | G12: 63.445995 | H12: 54.316928 | I12: =IFERROR(ROUND(H12,0),"null") -> 54 | J12: =IF(AND(A13=A12,I12=100,I13=100),"full access", " ") | K12: 11.368619 | L12: 17.372356 | M12: 16.942097 | N12: 26.714369 | O12: =IFERROR(ROUND(N12,0),"null") -> 27 | P12: =IF(AND(A12=A13,O12=100,O13=100),"full access"," ") | Q12: =IFERROR(IF(A13=A12,((N12-N13)/(C12-C13)),""),"null") -> 0.21877144 | R12: 9.9310693 | S12: 21.725308 | T12: 41.629254 | U12: 70.219965 | V12: =IFERROR(ROUND(U12,0),"null") -> 70 | W12: =IF(AND(A12=A13,V12=100,V13=100),"full access","") | X12: =IFERROR(IF(A13=A12,((U12-U13)/(C12-C13)),""),"null") -> 0.3046367 | Y12: 12.196853 | Z12: 14.864431 | AA12: 2.7187499 | AB12: =IFERROR(IF(A13=A12, Q12-X12, ""), "null") -> -0.085865258
A13: Angola | B13: =VLOOKUP(A13,Regions!A:B,2,0) -> Sub-Saharan Africa | C13: 2020 | D13: =IF(A14=A13,ABS(C14-C13),"") | E13: =IFERROR(IF(A14=A13,((H13-H14)/(C13-C14)), ""), "null") | F13: 32866.27 | G13: 66.824997 | H13: 57.167738 | I13: =IFERROR(ROUND(H13,0),"null") -> 57 | J13: =IF(AND(A14=A13,I13=100,I14=100),"full access", " ") | K13: 9.2873499 | L13: 19.450825 | M13: 14.094087 | N13: 27.808227 | O13: =IFERROR(ROUND(N13,0),"null") -> 28 | P13: =IF(AND(A13=A14,O13=100,O14=100),"full access"," ") | Q13: =IFERROR(IF(A14=A13,((N13-N14)/(C13-C14)),""),"null") | R13: 8.7404884 | S13: 22.933153 | T13: 40.518132 | U13: 71.743149 | V13: =IFERROR(ROUND(U13,0),"null") -> 72 | W13: =IF(AND(A13=A14,V13=100,V14=100),"full access","") | X13: =IFERROR(IF(A14=A13,((U13-U14)/(C13-C14)),""),"null") | Y13: 9.5588375 | Z13: 17.722035 | AA13: 0.97597916 | AB13: =IFERROR(IF(A14=A13, Q13-X13, ""), "null")
A14: Anguilla | B14: =VLOOKUP(A14,Regions!A:B,2,0) -> Latin America & Caribbean | C14: 2015 | D14: =IF(A15=A14,ABS(C15-C14),"") -> 2 | E14: =IFERROR(IF(A15=A14,((H14-H15)/(C14-C15)), ""), "null") -> 0 | F14: 14.279 | G14: 100 | H14: 97.482274 | I14: =IFERROR(ROUND(H14,0),"null") -> 97 | J14: =IF(AND(A15=A14,I14=100,I15=100),"full access", " ") | K14: 0 | L14: 2.5177258 | M14: 0 | N14: null | O14: =IFERROR(ROUND(N14,0),"null") -> null | P14: =IF(AND(A14=A15,O14=100,O15=100),"full access"," ") | Q14: =IFERROR(IF(A15=A14,((N14-N15)/(C14-C15)),""),"null") -> null | R14: null | S14: null | T14: null | U14: 97.482274 | V14: =IFERROR(ROUND(U14,0),"null") -> 97 | W14: =IF(AND(A14=A15,V14=100,V15=100),"full access","") | X14: =IFERROR(IF(A15=A14,((U14-U15)/(C14-C15)),""),"null") -> 0 | Y14: 0 | Z14: 2.5177258 | AA14: 0 | AB14: =IFERROR(IF(A15=A14, Q14-X14, ""), "null") -> null
A15: Anguilla | B15: =VLOOKUP(A15,Regions!A:B,2,0) -> Latin America & Caribbean | C15: 2017 | D15: =IF(A16=A15,ABS(C16-C15),"") | E15: =IFERROR(IF(A16=A15,((H15-H16)/(C15-C16)), ""), "null") | F15: 14.588 | G15: 100 | H15: 97.482274 | I15: =IFERROR(ROUND(H15,0),"null") -> 97 | J15: =IF(AND(A16=A15,I15=100,I16=100),"full access", " ") | K15: 0 | L15: 2.5177258 | M15: 0 | N15: null | O15: =IFERROR(ROUND(N15,0),"null") -> null | P15: =IF(AND(A15=A16,O15=100,O16=100),"full access"," ") | Q15: =IFERROR(IF(A16=A15,((N15-N16)/(C15-C16)),""),"null") | R15: null | S15: null | T15: null | U15: 97.482274 | V15: =IFERROR(ROUND(U15,0),"null") -> 97 | W15: =IF(AND(A15=A16,V15=100,V16=100),"full access","") | X15: =IFERROR(IF(A16=A15,((U15-U16)/(C15-C16)),""),"null") | Y15: 0 | Z15: 2.5177258 | AA15: 0 | AB15: =IFERROR(IF(A16=A15, Q15-X15, ""), "null")
A16: Antigua and Barbuda | B16: =VLOOKUP(A16,Regions!A:B,2,0) -> Latin America & Caribbean | C16: 2015 | D16: =IF(A17=A16,ABS(C17-C16),"") -> 2 | E16: =IFERROR(IF(A17=A16,((H16-H17)/(C16-C17)), ""), "null") -> 0 | F16: 93.570999 | G16: 25 | H16: 96.739186 | I16: =IFERROR(ROUND(H16,0),"null") -> 97 | J16: =IF(AND(A17=A16,I16=100,I17=100),"full access", " ") | K16: 0 | L16: 3.1663476 | M16: 0.094466114 | N16: null | O16: =IFERROR(ROUND(N16,0),"null") -> null | P16: =IF(AND(A16=A17,O16=100,O17=100),"full access"," ") | Q16: =IFERROR(IF(A17=A16,((N16-N17)/(C16-C17)),""),"null") -> null | R16: null | S16: null | T16: null | U16: null | V16: =IFERROR(ROUND(U16,0),"null") -> null | W16: =IF(AND(A16=A17,V16=100,V17=100),"full access","") | X16: =IFERROR(IF(A17=A16,((U16-U17)/(C16-C17)),""),"null") -> null | Y16: null | Z16: null | AA16: null | AB16: =IFERROR(IF(A17=A16, Q16-X16, ""), "null") -> null
A17: Antigua and Barbuda | B17: =VLOOKUP(A17,Regions!A:B,2,0) -> Latin America & Caribbean | C17: 2017 | D17: =IF(A18=A17,ABS(C18-C17),"") | E17: =IFERROR(IF(A18=A17,((H17-H18)/(C17-C18)), ""), "null") | F17: 95.425003 | G17: 24.713001 | H17: 96.739186 | I17: =IFERROR(ROUND(H17,0),"null") -> 97 | J17: =IF(AND(A18=A17,I17=100,I18=100),"full access", " ") | K17: 0 | L17: 3.1663476 | M17: 0.094466114 | N17: null | O17: =IFERROR(ROUND(N17,0),"null") -> null | P17: =IF(AND(A17=A18,O17=100,O18=100),"full access"," ") | Q17: =IFERROR(IF(A18=A17,((N17-N18)/(C17-C18)),""),"null") | R17: null | S17: null | T17: null | U17: null | V17: =IFERROR(ROUND(U17,0),"null") -> null | W17: =IF(AND(A17=A18,V17=100,V18=100),"full access","") | X17: =IFERROR(IF(A18=A17,((U17-U18)/(C17-C18)),""),"null") | Y17: null | Z17: null | AA17: null | AB17: =IFERROR(IF(A18=A17, Q17-X17, ""), "null")
A18: Argentina | B18: =VLOOKUP(A18,Regions!A:B,2,0) -> Latin America & Caribbean | C18: 2015 | D18: =IF(A19=A18,ABS(C19-C18),"") -> 5 | E18: =IFERROR(IF(A19=A18,((H18-H19)/(C18-C19)), ""), "null") -> null | F18: 43075.414 | G18: 91.502998 | H18: 98.966588 | I18: =IFERROR(ROUND(H18,0),"null") -> 99 | J18: =IF(AND(A19=A18,I18=100,I19=100),"full access", " ") | K18: 0 | L18: 0.66491438 | M18: 0.36849747 | N18: 92.98366 | O18: =IFERROR(ROUND(N18,0),"null") -> 93 | P18: =IF(AND(A18=A19,O18=100,O19=100),"full access"," ") | Q18: =IFERROR(IF(A19=A18,((N18-N19)/(C18-C19)),""),"null") -> null | R18: 0 | S18: 2.6795449 | T18: 4.3367951 | U18: 99.522163 | V18: =IFERROR(ROUND(U18,0),"null") -> 100 | W18: =IF(AND(A18=A19,V18=100,V19=100),"full access","") -> full access | X18: =IFERROR(IF(A19=A18,((U18-U19)/(C18-C19)),""),"null") -> 0.05365152 | Y18: 0 | Z18: 0.47783695 | AA18: 0 | AB18: =IFERROR(IF(A19=A18, Q18-X18, ""), "null") -> null
A19: Argentina | B19: =VLOOKUP(A19,Regions!A:B,2,0) -> Latin America & Caribbean | C19: 2020 | D19: =IF(A20=A19,ABS(C20-C19),"") | E19: =IFERROR(IF(A20=A19,((H19-H20)/(C19-C20)), ""), "null") | F19: 45195.777 | G19: 92.111 | H19: null | I19: =IFERROR(ROUND(H19,0),"null") -> null | J19: =IF(AND(A20=A19,I19=100,I20=100),"full access", " ") | K19: null | L19: null | M19: null | N19: null | O19: =IFERROR(ROUND(N19,0),"null") -> null | P19: =IF(AND(A19=A20,O19=100,O20=100),"full access"," ") | Q19: =IFERROR(IF(A20=A19,((N19-N20)/(C19-C20)),""),"null") | R19: null | S19: null | T19: null | U19: 99.790421 | V19: =IFERROR(ROUND(U19,0),"null") -> 100 | W19: =IF(AND(A19=A20,V19=100,V20=100),"full access","") | X19: =IFERROR(IF(A20=A19,((U19-U20)/(C19-C20)),""),"null") | Y19: 0 | Z19: 0.20957935 | AA19: 0 | AB19: =IFERROR(IF(A20=A19, Q19-X19, ""), "null")
A20: Armenia | B20: =VLOOKUP(A20,Regions!A:B,2,0) -> Europe & Central Asia | C20: 2015 | D20: =IF(A21=A20,ABS(C21-C20),"") -> 5 | E20: =IFERROR(IF(A21=A20,((H20-H21)/(C20-C21)), ""), "null") -> 0.083722798 | F20: 2925.5591 | G20: 63.085003 | H20: 99.552567 | I20: =IFERROR(ROUND(H20,0),"null") -> 100 | J20: =IF(AND(A21=A20,I20=100,I21=100),"full access", " ") -> full access | K20: 0 | L20: 0.098505084 | M20: 0.34892822 | N20: 99.054779 | O20: =IFERROR(ROUND(N20,0),"null") -> 99 | P20: =IF(AND(A20=A21,O20=100,O21=100),"full access"," ") | Q20: =IFERROR(IF(A21=A20,((N20-N21)/(C20-C21)),""),"null") -> 0.18904415 | R20: 0 | S20: 0 | T20: 0.94522073 | U20: 99.843853 | V20: =IFERROR(ROUND(U20,0),"null") -> 100 | W20: =IF(AND(A20=A21,V20=100,V21=100),"full access","") -> full access | X20: =IFERROR(IF(A21=A20,((U20-U21)/(C20-C21)),""),"null") -> 0.022125564 | Y20: 0 | Z20: 0.1561466 | AA20: 0 | AB20: =IFERROR(IF(A21=A20, Q20-X20, ""), "null") -> 0.16691858
A21: Armenia | B21: =VLOOKUP(A21,Regions!A:B,2,0) -> Europe & Central Asia | C21: 2020 | D21: =IF(A22=A21,ABS(C22-C21),"") | E21: =IFERROR(IF(A22=A21,((H21-H22)/(C21-C22)), ""), "null") | F21: 2963.2339 | G21: 63.313 | H21: 99.971181 | I21: =IFERROR(ROUND(H21,0),"null") -> 100 | J21: =IF(AND(A22=A21,I21=100,I22=100),"full access", " ") | K21: 0 | L21: 0.028819308 | M21: 0 | N21: 100 | O21: =IFERROR(ROUND(N21,0),"null") -> 100 | P21: =IF(AND(A21=A22,O21=100,O22=100),"full access"," ") | Q21: =IFERROR(IF(A22=A21,((N21-N22)/(C21-C22)),""),"null") | R21: 0 | S21: 0 | T21: 0 | U21: 99.954481 | V21: =IFERROR(ROUND(U21,0),"null") -> 100 | W21: =IF(AND(A21=A22,V21=100,V22=100),"full access","") | X21: =IFERROR(IF(A22=A21,((U21-U22)/(C21-C22)),""),"null") | Y21: 0 | Z21: 0.045518784 | AA21: 0 | AB21: =IFERROR(IF(A22=A21, Q21-X21, ""), "null")
A22: Aruba | B22: =VLOOKUP(A22,Regions!A:B,2,0) -> Latin America & Caribbean | C22: 2015 | D22: =IF(A23=A22,ABS(C23-C22),"") -> 1 | E22: =IFERROR(IF(A23=A22,((H22-H23)/(C22-C23)), ""), "null") -> 0 | F22: 104.339 | G22: 43.108002 | H22: 97.869023 | I22: =IFERROR(ROUND(H22,0),"null") -> 98 | J22: =IF(AND(A23=A22,I22=100,I23=100),"full access", " ") | K22: 0 | L22: 1.9599362 | M22: 0.17104041 | N22: null | O22: =IFERROR(ROUND(N22,0),"null") -> null | P22: =IF(AND(A22=A23,O22=100,O23=100),"full access"," ") | Q22: =IFERROR(IF(A23=A22,((N22-N23)/(C22-C23)),""),"null") -> null | R22: null | S22: null | T22: null | U22: null | V22: =IFERROR(ROUND(U22,0),"null") -> null | W22: =IF(AND(A22=A23,V22=100,V23=100),"full access","") | X22: =IFERROR(IF(A23=A22,((U22-U23)/(C22-C23)),""),"null") -> null | Y22: null | Z22: null | AA22: null | AB22: =IFERROR(IF(A23=A22, Q22-X22, ""), "null") -> null
A23: Aruba | B23: =VLOOKUP(A23,Regions!A:B,2,0) -> Latin America & Caribbean | C23: 2016 | D23: =IF(A24=A23,ABS(C24-C23),"") | E23: =IFERROR(IF(A24=A23,((H23-H24)/(C23-C24)), ""), "null") | F23: 104.865 | G23: 43.191998 | H23: 97.869023 | I23: =IFERROR(ROUND(H23,0),"null") -> 98 | J23: =IF(AND(A24=A23,I23=100,I24=100),"full access", " ") | K23: 0 | L23: 1.9599362 | M23: 0.17104041 | N23: null | O23: =IFERROR(ROUND(N23,0),"null") -> null | P23: =IF(AND(A23=A24,O23=100,O24=100),"full access"," ") | Q23: =IFERROR(IF(A24=A23,((N23-N24)/(C23-C24)),""),"null") | R23: null | S23: null | T23: null | U23: null | V23: =IFERROR(ROUND(U23,0),"null") -> null | W23: =IF(AND(A23=A24,V23=100,V24=100),"full access","") | X23: =IFERROR(IF(A24=A23,((U23-U24)/(C23-C24)),""),"null") | Y23: null | Z23: null | AA23: null | AB23: =IFERROR(IF(A24=A23, Q23-X23, ""), "null")
A24: Australia | B24: =VLOOKUP(A24,Regions!A:B,2,0) -> East Asia & Pacific | C24: 2015 | D24: =IF(A25=A24,ABS(C25-C24),"") -> 5 | E24: =IFERROR(IF(A25=A24,((H24-H25)/(C24-C25)), ""), "null") -> -3.877e-05 | F24: 23932.498 | G24: 85.701004 | H24: 99.970006 | I24: =IFERROR(ROUND(H24,0),"null") -> 100 | J24: =IF(AND(A25=A24,I24=100,I25=100),"full access", " ") -> full access | K24: 0 | L24: 0.029994331 | M24: 0 | N24: 100 | O24: =IFERROR(ROUND(N24,0),"null") -> 100 | P24: =IF(AND(A24=A25,O24=100,O25=100),"full access"," ") -> full access | Q24: =IFERROR(IF(A25=A24,((N24-N25)/(C24-C25)),""),"null") -> 0 | R24: 0 | S24: 0 | T24: 0 | U24: 99.965 | V24: =IFERROR(ROUND(U24,0),"null") -> 100 | W24: =IF(AND(A24=A25,V24=100,V25=100),"full access","") -> full access | X24: =IFERROR(IF(A25=A24,((U24-U25)/(C24-C25)),""),"null") -> 0 | Y24: 0 | Z24: 0.035 | AA24: 0 | AB24: =IFERROR(IF(A25=A24, Q24-X24, ""), "null") -> 0
A25: Australia | B25: =VLOOKUP(A25,Regions!A:B,2,0) -> East Asia & Pacific | C25: 2020 | D25: =IF(A26=A25,ABS(C26-C25),"") | E25: =IFERROR(IF(A26=A25,((H25-H26)/(C25-C26)), ""), "null") | F25: 25499.881 | G25: 86.240997 | H25: 99.969812 | I25: =IFERROR(ROUND(H25,0),"null") -> 100 | J25: =IF(AND(A26=A25,I25=100,I26=100),"full access", " ") | K25: 0 | L25: 0.030188179 | M25: 0 | N25: 100 | O25: =IFERROR(ROUND(N25,0),"null") -> 100 | P25: =IF(AND(A25=A26,O25=100,O26=100),"full access"," ") | Q25: =IFERROR(IF(A26=A25,((N25-N26)/(C25-C26)),""),"null") | R25: 0 | S25: 0 | T25: 0 | U25: 99.965 | V25: =IFERROR(ROUND(U25,0),"null") -> 100 | W25: =IF(AND(A25=A26,V25=100,V26=100),"full access","") | X25: =IFERROR(IF(A26=A25,((U25-U26)/(C25-C26)),""),"null") | Y25: 0 | Z25: 0.035 | AA25: 0 | AB25: =IFERROR(IF(A26=A25, Q25-X25, ""), "null")
A26: Austria | B26: =VLOOKUP(A26,Regions!A:B,2,0) -> Europe & Central Asia | C26: 2015 | D26: =IF(A27=A26,ABS(C27-C26),"") -> 5 | E26: =IFERROR(IF(A27=A26,((H26-H27)/(C26-C27)), ""), "null") -> 0 | F26: 8678.667 | G26: 57.715 | H26: 100 | I26: =IFERROR(ROUND(H26,0),"null") -> 100 | J26: =IF(AND(A27=A26,I26=100,I27=100),"full access", " ") -> full access | K26: 0 | L26: 0 | M26: 0 | N26: 100 | O26: =IFERROR(ROUND(N26,0),"null") -> 100 | P26: =IF(AND(A26=A27,O26=100,O27=100),"full access"," ") -> full access | Q26: =IFERROR(IF(A27=A26,((N26-N27)/(C26-C27)),""),"null") -> 0 | R26: 0 | S26: 0 | T26: 0 | U26: 100 | V26: =IFERROR(ROUND(U26,0),"null") -> 100 | W26: =IF(AND(A26=A27,V26=100,V27=100),"full access","") -> full access | X26: =IFERROR(IF(A27=A26,((U26-U27)/(C26-C27)),""),"null") -> 0 | Y26: 0 | Z26: 0 | AA26: 0 | AB26: =IFERROR(IF(A27=A26, Q26-X26, ""), "null") -> 0
A27: Austria | B27: =VLOOKUP(A27,Regions!A:B,2,0) -> Europe & Central Asia | C27: 2020 | D27: =IF(A28=A27,ABS(C28-C27),"") | E27: =IFERROR(IF(A28=A27,((H27-H28)/(C27-C28)), ""), "null") | F27: 9006.4004 | G27: 58.748001 | H27: 100 | I27: =IFERROR(ROUND(H27,0),"null") -> 100 | J27: =IF(AND(A28=A27,I27=100,I28=100),"full access", " ") | K27: 0 | L27: 0 | M27: 0 | N27: 100 | O27: =IFERROR(ROUND(N27,0),"null") -> 100 | P27: =IF(AND(A27=A28,O27=100,O28=100),"full access"," ") | Q27: =IFERROR(IF(A28=A27,((N27-N28)/(C27-C28)),""),"null") | R27: 0 | S27: 0 | T27: 0 | U27: 100 | V27: =IFERROR(ROUND(U27,0),"null") -> 100 | W27: =IF(AND(A27=A28,V27=100,V28=100),"full access","") | X27: =IFERROR(IF(A28=A27,((U27-U28)/(C27-C28)),""),"null") | Y27: 0 | Z27: 0 | AA27: 0 | AB27: =IFERROR(IF(A28=A27, Q27-X27, ""), "null")
A28: Azerbaijan | B28: =VLOOKUP(A28,Regions!A:B,2,0) -> Europe & Central Asia | C28: 2015 | D28: =IF(A29=A28,ABS(C29-C28),"") -> 5 | E28: =IFERROR(IF(A29=A28,((H28-H29)/(C28-C29)), ""), "null") -> 0.72461243 | F28: 9622.7412 | G28: 54.714001 | H28: 92.420314 | I28: =IFERROR(ROUND(H28,0),"null") -> 92 | J28: =IF(AND(A29=A28,I28=100,I29=100),"full access", " ") | K28: 1.0022424 | L28: 4.3650895 | M28: 2.2123541 | N28: 84.143213 | O28: =IFERROR(ROUND(N28,0),"null") -> 84 | P28: =IF(AND(A28=A29,O28=100,O29=100),"full access"," ") | Q28: =IFERROR(IF(A29=A28,((N28-N29)/(C28-C29)),""),"null") -> 1.3565169 | R28: 2.2131397 | S28: 8.988206 | T28: 4.655441 | U28: 99.271152 | V28: =IFERROR(ROUND(U28,0),"null") -> 99 | W28: =IF(AND(A28=A29,V28=100,V29=100),"full access","") | X28: =IFERROR(IF(A29=A28,((U28-U29)/(C28-C29)),""),"null") -> 0.14576959 | Y28: 0 | Z28: 0.53860203 | AA28: 0.19024593 | AB28: =IFERROR(IF(A29=A28, Q28-X28, ""), "null") -> 1.2107473
A29: Azerbaijan | B29: =VLOOKUP(A29,Regions!A:B,2,0) -> Europe & Central Asia | C29: 2020 | D29: =IF(A30=A29,ABS(C30-C29),"") | E29: =IFERROR(IF(A30=A29,((H29-H30)/(C29-C30)), ""), "null") | F29: 10139.175 | G29: 56.397003 | H29: 96.043376 | I29: =IFERROR(ROUND(H29,0),"null") -> 96 | J29: =IF(AND(A30=A29,I29=100,I30=100),"full access", " ") | K29: 1.0427812 | L29: 2.9138427 | M29: 0 | N29: 90.925798 | O29: =IFERROR(ROUND(N29,0),"null") -> 91 | P29: =IF(AND(A29=A30,O29=100,O30=100),"full access"," ") | Q29: =IFERROR(IF(A30=A29,((N29-N30)/(C29-C30)),""),"null") | R29: 2.3915357 | S29: 6.6826664 | T29: 0 | U29: 100 | V29: =IFERROR(ROUND(U29,0),"null") -> 100 | W29: =IF(AND(A29=A30,V29=100,V30=100),"full access","") | X29: =IFERROR(IF(A30=A29,((U29-U30)/(C29-C30)),""),"null") | Y29: 0 | Z29: 0 | AA29: 0 | AB29: =IFERROR(IF(A30=A29, Q29-X29, ""), "null")
A30: Bahamas | B30: =VLOOKUP(A30,Regions!A:B,2,0) -> Latin America & Caribbean | C30: 2015 | D30: =IF(A31=A30,ABS(C31-C30),"") -> 4 | E30: =IFERROR(IF(A31=A30,((H30-H31)/(C30-C31)), ""), "null") -> 0 | F30: 374.20001 | G30: 82.745995 | H30: 98.886961 | I30: =IFERROR(ROUND(H30,0),"null") -> 99 | J30: =IF(AND(A31=A30,I30=100,I31=100),"full access", " ") | K30: 0 | L30: 1.1130395 | M30: 0 | N30: null | O30: =IFERROR(ROUND(N30,0),"null") -> null | P30: =IF(AND(A30=A31,O30=100,O31=100),"full access"," ") | Q30: =IFERROR(IF(A31=A30,((N30-N31)/(C30-C31)),""),"null") -> null | R30: null | S30: null | T30: null | U30: null | V30: =IFERROR(ROUND(U30,0),"null") -> null | W30: =IF(AND(A30=A31,V30=100,V31=100),"full access","") | X30: =IFERROR(IF(A31=A30,((U30-U31)/(C30-C31)),""),"null") -> null | Y30: null | Z30: null | AA30: null | AB30: =IFERROR(IF(A31=A30, Q30-X30, ""), "null") -> null
A31: Bahamas | B31: =VLOOKUP(A31,Regions!A:B,2,0) -> Latin America & Caribbean | C31: 2019 | D31: =IF(A32=A31,ABS(C32-C31),"") | E31: =IFERROR(IF(A32=A31,((H31-H32)/(C31-C32)), ""), "null") | F31: 389.48599 | G31: 83.131996 | H31: 98.886961 | I31: =IFERROR(ROUND(H31,0),"null") -> 99 | J31: =IF(AND(A32=A31,I31=100,I32=100),"full access", " ") | K31: 0 | L31: 1.1130395 | M31: 0 | N31: null | O31: =IFERROR(ROUND(N31,0),"null") -> null | P31: =IF(AND(A31=A32,O31=100,O32=100),"full access"," ") | Q31: =IFERROR(IF(A32=A31,((N31-N32)/(C31-C32)),""),"null") | R31: null | S31: null | T31: null | U31: null | V31: =IFERROR(ROUND(U31,0),"null") -> null | W31: =IF(AND(A31=A32,V31=100,V32=100),"full access","") | X31: =IFERROR(IF(A32=A31,((U31-U32)/(C31-C32)),""),"null") | Y31: null | Z31: null | AA31: null | AB31: =IFERROR(IF(A32=A31, Q31-X31, ""), "null")
A32: Bahrain | B32: =VLOOKUP(A32,Regions!A:B,2,0) -> Europe & Central Asia | C32: 2015 | D32: =IF(A33=A32,ABS(C33-C32),"") -> 5 | E32: =IFERROR(IF(A33=A32,((H32-H33)/(C32-C33)), ""), "null") -> 0 | F32: 1371.853 | G32: 88.998993 | H32: 100 | I32: =IFERROR(ROUND(H32,0),"null") -> 100 | J32: =IF(AND(A33=A32,I32=100,I33=100),"full access", " ") -> full access | K32: 0 | L32: 0 | M32: 0 | N32: null | O32: =IFERROR(ROUND(N32,0),"null") -> null | P32: =IF(AND(A32=A33,O32=100,O33=100),"full access"," ") | Q32: =IFERROR(IF(A33=A32,((N32-N33)/(C32-C33)),""),"null") -> null | R32: null | S32: null | T32: null | U32: null | V32: =IFERROR(ROUND(U32,0),"null") -> null | W32: =IF(AND(A32=A33,V32=100,V33=100),"full access","") | X32: =IFERROR(IF(A33=A32,((U32-U33)/(C32-C33)),""),"null") -> null | Y32: null | Z32: null | AA32: null | AB32: =IFERROR(IF(A33=A32, Q32-X32, ""), "null") -> null
A33: Bahrain | B33: =VLOOKUP(A33,Regions!A:B,2,0) -> Europe & Central Asia | C33: 2020 | D33: =IF(A34=A33,ABS(C34-C33),"") | E33: =IFERROR(IF(A34=A33,((H33-H34)/(C33-C34)), ""), "null") | F33: 1701.583 | G33: 89.506004 | H33: 100 | I33: =IFERROR(ROUND(H33,0),"null") -> 100 | J33: =IF(AND(A34=A33,I33=100,I34=100),"full access", " ") | K33: 0 | L33: 0 | M33: 0 | N33: null | O33: =IFERROR(ROUND(N33,0),"null") -> null | P33: =IF(AND(A33=A34,O33=100,O34=100),"full access"," ") | Q33: =IFERROR(IF(A34=A33,((N33-N34)/(C33-C34)),""),"null") | R33: null | S33: null | T33: null | U33: null | V33: =IFERROR(ROUND(U33,0),"null") -> null | W33: =IF(AND(A33=A34,V33=100,V34=100),"full access","") | X33: =IFERROR(IF(A34=A33,((U33-U34)/(C33-C34)),""),"null") | Y33: null | Z33: null | AA33: null | AB33: =IFERROR(IF(A34=A33, Q33-X33, ""), "null")
A34: Bangladesh | B34: =VLOOKUP(A34,Regions!A:B,2,0) -> South Asia | C34: 2015 | D34: =IF(A35=A34,ABS(C35-C34),"") -> 5 | E34: =IFERROR(IF(A35=A34,((H34-H35)/(C34-C35)), ""), "null") -> 0.11927156 | F34: 156256.28 | G34: 34.308002 | H34: 97.101602 | I34: =IFERROR(ROUND(H34,0),"null") -> 97 | J34: =IF(AND(A35=A34,I34=100,I35=100),"full access", " ") | K34: 1.087989 | L34: 0.72156166 | M34: 1.0888469 | N34: 96.773011 | O34: =IFERROR(ROUND(N34,0),"null") -> 97 | P34: =IF(AND(A34=A35,O34=100,O35=100),"full access"," ") | Q34: =IFERROR(IF(A35=A34,((N34-N35)/(C34-C35)),""),"null") -> 0.2214453 | R34: 1.0462142 | S34: 0.73174732 | T34: 1.4490272 | U34: 97.73078 | V34: =IFERROR(ROUND(U34,0),"null") -> 98 | W34: =IF(AND(A34=A35,V34=100,V35=100),"full access","") | X34: =IFERROR(IF(A35=A34,((U34-U35)/(C34-C35)),""),"null") -> -0.065600342 | Y34: 1.1679782 | Z34: 0.70205843 | AA34: 0.39918371 | AB34: =IFERROR(IF(A35=A34, Q34-X34, ""), "null") -> 0.28704564
A35: Bangladesh | B35: =VLOOKUP(A35,Regions!A:B,2,0) -> South Asia | C35: 2020 | D35: =IF(A36=A35,ABS(C36-C35),"") | E35: =IFERROR(IF(A36=A35,((H35-H36)/(C35-C36)), ""), "null") | F35: 164689.39 | G35: 38.177002 | H35: 97.69796 | I35: =IFERROR(ROUND(H35,0),"null") -> 98 | J35: =IF(AND(A36=A35,I35=100,I36=100),"full access", " ") | K35: 1.1564259 | L35: 0.4626557 | M35: 0.68295817 | N35: 97.880238 | O35: =IFERROR(ROUND(N35,0),"null") -> 98 | P35: =IF(AND(A35=A36,O35=100,O36=100),"full access"," ") | Q35: =IFERROR(IF(A36=A35,((N35-N36)/(C35-C36)),""),"null") | R35: 0.85810498 | S35: 0.31648024 | T35: 0.94517702 | U35: 97.402778 | V35: =IFERROR(ROUND(U35,0),"null") -> 97 | W35: =IF(AND(A35=A36,V35=100,V36=100),"full access","") | X35: =IFERROR(IF(A36=A35,((U35-U36)/(C35-C36)),""),"null") | Y35: 1.6395201 | Z35: 0.69937521 | AA35: 0.25832669 | AB35: =IFERROR(IF(A36=A35, Q35-X35, ""), "null")
A36: Barbados | B36: =VLOOKUP(A36,Regions!A:B,2,0) -> Latin America & Caribbean | C36: 2015 | D36: =IF(A37=A36,ABS(C37-C36),"") -> 5 | E36: =IFERROR(IF(A37=A36,((H36-H37)/(C36-C37)), ""), "null") -> 0.008001136 | F36: 285.327 | G36: 31.248999 | H36: 98.474445 | I36: =IFERROR(ROUND(H36,0),"null") -> 98 | J36: =IF(AND(A37=A36,I36=100,I37=100),"full access", " ") | K36: 0.26749191 | L36: 1.2580634 | M36: 0 | N36: null | O36: =IFERROR(ROUND(N36,0),"null") -> null | P36: =IF(AND(A36=A37,O36=100,O37=100),"full access"," ") | Q36: =IFERROR(IF(A37=A36,((N36-N37)/(C36-C37)),""),"null") -> null | R36: null | S36: null | T36: null | U36: null | V36: =IFERROR(ROUND(U36,0),"null") -> null | W36: =IF(AND(A36=A37,V36=100,V37=100),"full access","") | X36: =IFERROR(IF(A37=A36,((U36-U37)/(C36-C37)),""),"null") -> null | Y36: null | Z36: null | AA36: null | AB36: =IFERROR(IF(A37=A36, Q36-X36, ""), "null") -> null
A37: Barbados | B37: =VLOOKUP(A37,Regions!A:B,2,0) -> Latin America & Caribbean | C37: 2020 | D37: =IF(A38=A37,ABS(C38-C37),"") | E37: =IFERROR(IF(A38=A37,((H37-H38)/(C37-C38)), ""), "null") | F37: 287.371 | G37: 31.191 | H37: 98.51445 | I37: =IFERROR(ROUND(H37,0),"null") -> 99 | J37: =IF(AND(A38=A37,I37=100,I38=100),"full access", " ") | K37: 0.26760058 | L37: 1.217949 | M37: 0 | N37: null | O37: =IFERROR(ROUND(N37,0),"null") -> null | P37: =IF(AND(A37=A38,O37=100,O38=100),"full access"," ") | Q37: =IFERROR(IF(A38=A37,((N37-N38)/(C37-C38)),""),"null") | R37: null | S37: null | T37: null | U37: null | V37: =IFERROR(ROUND(U37,0),"null") -> null | W37: =IF(AND(A37=A38,V37=100,V38=100),"full access","") | X37: =IFERROR(IF(A38=A37,((U37-U38)/(C37-C38)),""),"null") | Y37: null | Z37: null | AA37: null | AB37: =IFERROR(IF(A38=A37, Q37-X37, ""), "null")
A38: Belarus | B38: =VLOOKUP(A38,Regions!A:B,2,0) -> Europe & Central Asia | C38: 2015 | D38: =IF(A39=A38,ABS(C39-C38),"") -> 5 | E38: =IFERROR(IF(A39=A38,((H38-H39)/(C38-C39)), ""), "null") -> 0.011531798 | F38: 9439.4238 | G38: 77.181 | H38: 96.477067 | I38: =IFERROR(ROUND(H38,0),"null") -> 96 | J38: =IF(AND(A39=A38,I38=100,I39=100),"full access", " ") | K38: 3.3001301 | L38: 0.2228028 | M38: 0 | N38: 98.330672 | O38: =IFERROR(ROUND(N38,0),"null") -> 98 | P38: =IF(AND(A38=A39,O38=100,O39=100),"full access"," ") | Q38: =IFERROR(IF(A39=A38,((N38-N39)/(C38-C39)),""),"null") -> 0.046690142 | R38: 0.99323911 | S38: 0.67608929 | T38: 0 | U38: 95.929035 | V38: =IFERROR(ROUND(U38,0),"null") -> 96 | W38: =IF(AND(A38=A39,V38=100,V39=100),"full access","") | X38: =IFERROR(IF(A39=A38,((U38-U39)/(C38-C39)),""),"null") -> 0.016367688 | Y38: 3.9821754 | Z38: 0.088789424 | AA38: 0 | AB38: =IFERROR(IF(A39=A38, Q38-X38, ""), "null") -> 0.030322454
A39: Belarus | B39: =VLOOKUP(A39,Regions!A:B,2,0) -> Europe & Central Asia | C39: 2020 | D39: =IF(A40=A39,ABS(C40-C39),"") | E39: =IFERROR(IF(A40=A39,((H39-H40)/(C39-C40)), ""), "null") | F39: 9449.3213 | G39: 79.483002 | H39: 96.534726 | I39: =IFERROR(ROUND(H39,0),"null") -> 97 | J39: =IF(AND(A40=A39,I39=100,I40=100),"full access", " ") | K39: 3.3721195 | L39: 0.093154368 | M39: 0 | N39: 98.564122 | O39: =IFERROR(ROUND(N39,0),"null") -> 99 | P39: =IF(AND(A39=A40,O39=100,O40=100),"full access"," ") | Q39: =IFERROR(IF(A40=A39,((N39-N40)/(C39-C40)),""),"null") | R39: 0.9955972 | S39: 0.44028049 | T39: 0 | U39: 96.010874 | V39: =IFERROR(ROUND(U39,0),"null") -> 96 | W39: =IF(AND(A39=A40,V39=100,V40=100),"full access","") | X39: =IFERROR(IF(A40=A39,((U39-U40)/(C39-C40)),""),"null") | Y39: 3.9855726 | Z39: 0.003553732 | AA39: 0 | AB39: =IFERROR(IF(A40=A39, Q39-X39, ""), "null")
A40: Belgium | B40: =VLOOKUP(A40,Regions!A:B,2,0) -> Europe & Central Asia | C40: 2015 | D40: =IF(A41=A40,ABS(C41-C40),"") -> 5 | E40: =IFERROR(IF(A41=A40,((H40-H41)/(C40-C41)), ""), "null") -> -2.5e-07 | F40: 11287.931 | G40: 97.875999 | H40: 99.999998 | I40: =IFERROR(ROUND(H40,0),"null") -> 100 | J40: =IF(AND(A41=A40,I40=100,I41=100),"full access", " ") -> full access | K40: 0 | L40: 2.2980245e-06 | M40: 0 | N40: 100 | O40: =IFERROR(ROUND(N40,0),"null") -> 100 | P40: =IF(AND(A40=A41,O40=100,O41=100),"full access"," ") -> full access | Q40: =IFERROR(IF(A41=A40,((N40-N41)/(C40-C41)),""),"null") -> 0 | R40: 0 | S40: 0 | T40: 0 | U40: 100 | V40: =IFERROR(ROUND(U40,0),"null") -> 100 | W40: =IF(AND(A40=A41,V40=100,V41=100),"full access","") -> full access | X40: =IFERROR(IF(A41=A40,((U40-U41)/(C40-C41)),""),"null") -> 0 | Y40: 0 | Z40: 0 | AA40: 0 | AB40: =IFERROR(IF(A41=A40, Q40-X40, ""), "null") -> 0
A41: Belgium | B41: =VLOOKUP(A41,Regions!A:B,2,0) -> Europe & Central Asia | C41: 2020 | D41: =IF(A42=A41,ABS(C42-C41),"") | E41: =IFERROR(IF(A42=A41,((H41-H42)/(C41-C42)), ""), "null") | F41: 11589.616 | G41: 98.078995 | H41: 99.999996 | I41: =IFERROR(ROUND(H41,0),"null") -> 100 | J41: =IF(AND(A42=A41,I41=100,I42=100),"full access", " ") | K41: 0 | L41: 3.5547968e-06 | M41: 0 | N41: 100 | O41: =IFERROR(ROUND(N41,0),"null") -> 100 | P41: =IF(AND(A41=A42,O41=100,O42=100),"full access"," ") | Q41: =IFERROR(IF(A42=A41,((N41-N42)/(C41-C42)),""),"null") | R41: 0 | S41: 0 | T41: 0 | U41: 100 | V41: =IFERROR(ROUND(U41,0),"null") -> 100 | W41: =IF(AND(A41=A42,V41=100,V42=100),"full access","") | X41: =IFERROR(IF(A42=A41,((U41-U42)/(C41-C42)),""),"null") | Y41: 0 | Z41: 0 | AA41: 0 | AB41: =IFERROR(IF(A42=A41, Q41-X41, ""), "null")
A42: Belize | B42: =VLOOKUP(A42,Regions!A:B,2,0) -> Latin America & Caribbean | C42: 2015 | D42: =IF(A43=A42,ABS(C43-C42),"") -> 5 | E42: =IFERROR(IF(A43=A42,((H42-H43)/(C42-C43)), ""), "null") -> 0.24527193 | F42: 360.92599 | G42: 45.405998 | H42: 97.175595 | I42: =IFERROR(ROUND(H42,0),"null") -> 97 | J42: =IF(AND(A43=A42,I42=100,I43=100),"full access", " ") | K42: 1.2279405 | L42: 1.5682225 | M42: 0.028241988 | N42: 95.653832 | O42: =IFERROR(ROUND(N42,0),"null") -> 96 | P42: =IF(AND(A42=A43,O42=100,O43=100),"full access"," ") | Q42: =IFERROR(IF(A43=A42,((N42-N43)/(C42-C43)),""),"null") -> 0.4682751 | R42: 1.421919 | S42: 2.872518 | T42: 0.051730936 | U42: 99.00529 | V42: =IFERROR(ROUND(U42,0),"null") -> 99 | W42: =IF(AND(A42=A43,V42=100,V43=100),"full access","") | X42: =IFERROR(IF(A43=A42,((U42-U43)/(C42-C43)),""),"null") -> -0.025266 | Y42: 0.99471 | Z42: 0 | AA42: 0 | AB42: =IFERROR(IF(A43=A42, Q42-X42, ""), "null") -> 0.4935411
A43: Belize | B43: =VLOOKUP(A43,Regions!A:B,2,0) -> Latin America & Caribbean | C43: 2020 | D43: =IF(A44=A43,ABS(C44-C43),"") | E43: =IFERROR(IF(A44=A43,((H43-H44)/(C43-C44)), ""), "null") | F43: 397.621 | G43: 46.025002 | H43: 98.401955 | I43: =IFERROR(ROUND(H43,0),"null") -> 98 | J43: =IF(AND(A44=A43,I43=100,I44=100),"full access", " ") | K43: 1.2491106 | L43: 0.34893474 | M43: 0 | N43: 97.995208 | O43: =IFERROR(ROUND(N43,0),"null") -> 98 | P43: =IF(AND(A43=A44,O43=100,O44=100),"full access"," ") | Q43: =IFERROR(IF(A44=A43,((N43-N44)/(C43-C44)),""),"null") | R43: 1.3583177 | S43: 0.64647474 | T43: 0 | U43: 98.87896 | V43: =IFERROR(ROUND(U43,0),"null") -> 99 | W43: =IF(AND(A43=A44,V43=100,V44=100),"full access","") | X43: =IFERROR(IF(A44=A43,((U43-U44)/(C43-C44)),""),"null") | Y43: 1.12104 | Z43: 0 | AA43: 0 | AB43: =IFERROR(IF(A44=A43, Q43-X43, ""), "null")
A44: Benin | B44: =VLOOKUP(A44,Regions!A:B,2,0) -> Sub-Saharan Africa | C44: 2015 | D44: =IF(A45=A44,ABS(C45-C44),"") -> 5 | E44: =IFERROR(IF(A45=A44,((H44-H45)/(C44-C45)), ""), "null") -> 0.12546014 | F44: 10575.962 | G44: 45.695004 | H44: 64.786822 | I44: =IFERROR(ROUND(H44,0),"null") -> 65 | J44: =IF(AND(A45=A44,I44=100,I45=100),"full access", " ") | K44: 8.7154707 | L44: 21.298464 | M44: 5.1992427 | N44: 56.784352 | O44: =IFERROR(ROUND(N44,0),"null") -> 57 | P44: =IF(AND(A44=A45,O44=100,O45=100),"full access"," ") | Q44: =IFERROR(IF(A45=A44,((N44-N45)/(C44-C45)),""),"null") -> 0.2535831 | R44: 11.703371 | S44: 23.774979 | T44: 7.7372983 | U44: 74.297143 | V44: =IFERROR(ROUND(U44,0),"null") -> 74 | W44: =IF(AND(A44=A45,V44=100,V45=100),"full access","") | X44: =IFERROR(IF(A45=A44,((U44-U45)/(C44-C45)),""),"null") -> -0.2078285 | Y44: 5.1645812 | Z44: 18.355318 | AA44: 2.1829588 | AB44: =IFERROR(IF(A45=A44, Q44-X44, ""), "null") -> 0.46141161
A45: Benin | B45: =VLOOKUP(A45,Regions!A:B,2,0) -> Sub-Saharan Africa | C45: 2020 | D45: =IF(A46=A45,ABS(C46-C45),"") | E45: =IFERROR(IF(A46=A45,((H45-H46)/(C45-C46)), ""), "null") | F45: 12123.198 | G45: 48.414997 | H45: 65.414123 | I45: =IFERROR(ROUND(H45,0),"null") -> 65 | J45: =IF(AND(A46=A45,I45=100,I46=100),"full access", " ") | K45: 9.3175356 | L45: 21.972541 | M45: 3.2958005 | N45: 58.052268 | O45: =IFERROR(ROUND(N45,0),"null") -> 58 | P45: =IF(AND(A45=A46,O45=100,O46=100),"full access"," ") | Q45: =IFERROR(IF(A46=A45,((N45-N46)/(C45-C46)),""),"null") | R45: 12.705205 | S45: 23.977968 | T45: 5.2645586 | U45: 73.258 | V45: =IFERROR(ROUND(U45,0),"null") -> 73 | W45: =IF(AND(A45=A46,V45=100,V46=100),"full access","") | X45: =IFERROR(IF(A46=A45,((U45-U46)/(C45-C46)),""),"null") | Y45: 5.7080564 | Z45: 19.835807 | AA45: 1.1981368 | AB45: =IFERROR(IF(A46=A45, Q45-X45, ""), "null")
A46: Bermuda | B46: =VLOOKUP(A46,Regions!A:B,2,0) -> North America | C46: 2015 | D46: =IF(A47=A46,ABS(C47-C46),"") -> 5 | E46: =IFERROR(IF(A47=A46,((H46-H47)/(C46-C47)), ""), "null") -> 0 | F46: 63.695 | G46: 100 | H46: 99.90314 | I46: =IFERROR(ROUND(H46,0),"null") -> 100 | J46: =IF(AND(A47=A46,I46=100,I47=100),"full access", " ") -> full access | K46: 0 | L46: 0.096859983 | M46: 0 | N46: null | O46: =IFERROR(ROUND(N46,0),"null") -> null | P46: =IF(AND(A46=A47,O46=100,O47=100),"full access"," ") | Q46: =IFERROR(IF(A47=A46,((N46-N47)/(C46-C47)),""),"null") -> null | R46: null | S46: null | T46: null | U46: 99.90314 | V46: =IFERROR(ROUND(U46,0),"null") -> 100 | W46: =IF(AND(A46=A47,V46=100,V47=100),"full access","") -> full access | X46: =IFERROR(IF(A47=A46,((U46-U47)/(C46-C47)),""),"null") -> 0 | Y46: 0 | Z46: 0.096859983 | AA46: 0 | AB46: =IFERROR(IF(A47=A46, Q46-X46, ""), "null") -> null
A47: Bermuda | B47: =VLOOKUP(A47,Regions!A:B,2,0) -> North America | C47: 2020 | D47: =IF(A48=A47,ABS(C48-C47),"") | E47: =IFERROR(IF(A48=A47,((H47-H48)/(C47-C48)), ""), "null") | F47: 62.272999 | G47: 100 | H47: 99.90314 | I47: =IFERROR(ROUND(H47,0),"null") -> 100 | J47: =IF(AND(A48=A47,I47=100,I48=100),"full access", " ") | K47: 0 | L47: 0.096859983 | M47: 0 | N47: null | O47: =IFERROR(ROUND(N47,0),"null") -> null | P47: =IF(AND(A47=A48,O47=100,O48=100),"full access"," ") | Q47: =IFERROR(IF(A48=A47,((N47-N48)/(C47-C48)),""),"null") | R47: null | S47: null | T47: null | U47: 99.90314 | V47: =IFERROR(ROUND(U47,0),"null") -> 100 | W47: =IF(AND(A47=A48,V47=100,V48=100),"full access","") | X47: =IFERROR(IF(A48=A47,((U47-U48)/(C47-C48)),""),"null") | Y47: 0 | Z47: 0.096859983 | AA47: 0 | AB47: =IFERROR(IF(A48=A47, Q47-X47, ""), "null")
A48: Bhutan | B48: =VLOOKUP(A48,Regions!A:B,2,0) -> South Asia | C48: 2015 | D48: =IF(A49=A48,ABS(C49-C48),"") -> 5 | E48: =IFERROR(IF(A49=A48,((H48-H49)/(C48-C49)), ""), "null") -> 0.21836001 | F48: 727.88501 | G48: 38.678001 | H48: 96.221423 | I48: =IFERROR(ROUND(H48,0),"null") -> 96 | J48: =IF(AND(A49=A48,I48=100,I49=100),"full access", " ") | K48: 2.4965963 | L48: 0.29618738 | M48: 0.98579374 | N48: 95.164363 | O48: =IFERROR(ROUND(N48,0),"null") -> 95 | P48: =IF(AND(A48=A49,O48=100,O49=100),"full access"," ") | Q48: =IFERROR(IF(A49=A48,((N48-N49)/(C48-C49)),""),"null") -> 0.31336614 | R48: 3.2158589 | S48: 0.1935987 | T48: 1.4261794 | U48: 97.897337 | V48: =IFERROR(ROUND(U48,0),"null") -> 98 | W48: =IF(AND(A48=A49,V48=100,V49=100),"full access","") | X48: =IFERROR(IF(A49=A48,((U48-U49)/(C48-C49)),""),"null") -> 0.041858342 | Y48: 1.356242 | Z48: 0.45883649 | AA48: 0.2875847 | AB48: =IFERROR(IF(A49=A48, Q48-X48, ""), "null") -> 0.2715078
A49: Bhutan | B49: =VLOOKUP(A49,Regions!A:B,2,0) -> South Asia | C49: 2020 | D49: =IF(A50=A49,ABS(C50-C49),"") | E49: =IFERROR(IF(A50=A49,((H49-H50)/(C49-C50)), ""), "null") | F49: 771.612 | G49: 42.315998 | H49: 97.313223 | I49: =IFERROR(ROUND(H49,0),"null") -> 97 | J49: =IF(AND(A50=A49,I49=100,I50=100),"full access", " ") | K49: 2.4607126 | L49: 0.17642422 | M49: 0.049640541 | N49: 96.731194 | O49: =IFERROR(ROUND(N49,0),"null") -> 97 | P49: =IF(AND(A49=A50,O49=100,O50=100),"full access"," ") | Q49: =IFERROR(IF(A50=A49,((N49-N50)/(C49-C50)),""),"null") | R49: 3.2688064 | S49: 0 | T49: 0 | U49: 98.106628 | V49: =IFERROR(ROUND(U49,0),"null") -> 98 | W49: =IF(AND(A49=A50,V49=100,V50=100),"full access","") | X49: =IFERROR(IF(A50=A49,((U49-U50)/(C49-C50)),""),"null") | Y49: 1.3591415 | Z49: 0.41692085 | AA49: 0.11730916 | AB49: =IFERROR(IF(A50=A49, Q49-X49, ""), "null")
A50: Bolivia (Plurinational State of) | B50: =VLOOKUP(A50,Regions!A:B,2,0) -> Latin America & Caribbean | C50: 2015 | D50: =IF(A51=A50,ABS(C51-C50),"") -> 5 | E50: =IFERROR(IF(A51=A50,((H50-H51)/(C50-C51)), ""), "null") -> 0.58558612 | F50: 10869.732 | G50: 68.392998 | H50: 90.462141 | I50: =IFERROR(ROUND(H50,0),"null") -> 90 | J50: =IF(AND(A51=A50,I50=100,I51=100),"full access", " ") | K50: 0.1728984 | L50: 2.8324572 | M50: 6.5325034 | N50: 73.74018 | O50: =IFERROR(ROUND(N50,0),"null") -> 74 | P50: =IF(AND(A50=A51,O50=100,O51=100),"full access"," ") | Q50: =IFERROR(IF(A51=A50,((N50-N51)/(C50-C51)),""),"null") -> 1.2392925 | R50: 0.33996878 | S50: 5.9118005 | T50: 20.00805 | U50: 98.189997 | V50: =IFERROR(ROUND(U50,0),"null") -> 98 | W50: =IF(AND(A50=A51,V50=100,V51=100),"full access","") | X50: =IFERROR(IF(A51=A50,((U50-U51)/(C50-C51)),""),"null") -> 0.18642425 | Y50: 0.095688834 | Z50: 1.4093725 | AA50: 0.30494161 | AB50: =IFERROR(IF(A51=A50, Q50-X50, ""), "null") -> 1.0528683
A51: Bolivia (Plurinational State of) | B51: =VLOOKUP(A51,Regions!A:B,2,0) -> Latin America & Caribbean | C51: 2020 | D51: =IF(A52=A51,ABS(C52-C51),"") | E51: =IFERROR(IF(A52=A51,((H51-H52)/(C51-C52)), ""), "null") | F51: 11673.029 | G51: 70.123001 | H51: 93.390072 | I51: =IFERROR(ROUND(H51,0),"null") -> 93 | J51: =IF(AND(A52=A51,I51=100,I52=100),"full access", " ") | K51: 0.13659053 | L51: 1.5750108 | M51: 4.898327 | N51: 79.936643 | O51: =IFERROR(ROUND(N51,0),"null") -> 80 | P51: =IF(AND(A51=A52,O51=100,O52=100),"full access"," ") | Q51: =IFERROR(IF(A52=A51,((N51-N52)/(C51-C52)),""),"null") | R51: 0.24473641 | S51: 3.9541337 | T51: 15.864487 | U51: 99.122118 | V51: =IFERROR(ROUND(U51,0),"null") -> 99 | W51: =IF(AND(A51=A52,V51=100,V52=100),"full access","") | X51: =IFERROR(IF(A52=A51,((U51-U52)/(C51-C52)),""),"null") | Y51: 0.090513289 | Z51: 0.56134538 | AA51: 0.22602301 | AB51: =IFERROR(IF(A52=A51, Q51-X51, ""), "null")
A52: Bosnia and Herzegovina | B52: =VLOOKUP(A52,Regions!A:B,2,0) -> Europe & Central Asia | C52: 2015 | D52: =IF(A53=A52,ABS(C53-C52),"") -> 5 | E52: =IFERROR(IF(A53=A52,((H52-H53)/(C52-C53)), ""), "null") -> -0.009189312 | F52: 3429.3621 | G52: 47.172997 | H52: 96.159844 | I52: =IFERROR(ROUND(H52,0),"null") -> 96 | J52: =IF(AND(A53=A52,I52=100,I53=100),"full access", " ") | K52: 3.78007 | L52: 0.060085849 | M52: 0 | N52: 97.333333 | O52: =IFERROR(ROUND(N52,0),"null") -> 97 | P52: =IF(AND(A52=A53,O52=100,O53=100),"full access"," ") | Q52: =IFERROR(IF(A53=A52,((N52-N53)/(C52-C53)),""),"null") -> 0 | R52: 2.6666667 | S52: 0 | T52: 0 | U52: 94.845704 | V52: =IFERROR(ROUND(U52,0),"null") -> 95 | W52: =IF(AND(A52=A53,V52=100,V53=100),"full access","") | X52: =IFERROR(IF(A53=A52,((U52-U53)/(C52-C53)),""),"null") -> 0 | Y52: 5.0269222 | Z52: 0.12737339 | AA52: 0 | AB52: =IFERROR(IF(A53=A52, Q52-X52, ""), "null") -> 0
A53: Bosnia and Herzegovina | B53: =VLOOKUP(A53,Regions!A:B,2,0) -> Europe & Central Asia | C53: 2020 | D53: =IF(A54=A53,ABS(C54-C53),"") | E53: =IFERROR(IF(A54=A53,((H53-H54)/(C53-C54)), ""), "null") | F53: 3280.8149 | G53: 49.02 | H53: 96.113898 | I53: =IFERROR(ROUND(H53,0),"null") -> 96 | J53: =IF(AND(A54=A53,I53=100,I54=100),"full access", " ") | K53: 3.8236639 | L53: 0.062438438 | M53: 0 | N53: 97.333333 | O53: =IFERROR(ROUND(N53,0),"null") -> 97 | P53: =IF(AND(A53=A54,O53=100,O54=100),"full access"," ") | Q53: =IFERROR(IF(A54=A53,((N53-N54)/(C53-C54)),""),"null") | R53: 2.6666667 | S53: 0 | T53: 0 | U53: 94.845704 | V53: =IFERROR(ROUND(U53,0),"null") -> 95 | W53: =IF(AND(A53=A54,V53=100,V54=100),"full access","") | X53: =IFERROR(IF(A54=A53,((U53-U54)/(C53-C54)),""),"null") | Y53: 5.0269222 | Z53: 0.12737339 | AA53: 0 | AB53: =IFERROR(IF(A54=A53, Q53-X53, ""), "null")
A54: Botswana | B54: =VLOOKUP(A54,Regions!A:B,2,0) -> Sub-Saharan Africa | C54: 2015 | D54: =IF(A55=A54,ABS(C55-C54),"") -> 5 | E54: =IFERROR(IF(A55=A54,((H54-H55)/(C54-C55)), ""), "null") -> 0.75345471 | F54: 2120.7161 | G54: 67.154999 | H54: 88.44629 | I54: =IFERROR(ROUND(H54,0),"null") -> 88 | J54: =IF(AND(A55=A54,I54=100,I55=100),"full access", " ") | K54: 8.4106142 | L54: 1.5783496 | M54: 1.5647467 | N54: 71.892534 | O54: =IFERROR(ROUND(N54,0),"null") -> 72 | P54: =IF(AND(A54=A55,O54=100,O55=100),"full access"," ") | Q54: =IFERROR(IF(A55=A54,((N54-N55)/(C54-C55)),""),"null") -> 1.430238 | R54: 21.789328 | S54: 1.8541979 | T54: 4.4639407 | U54: 96.542603 | V54: =IFERROR(ROUND(U54,0),"null") -> 97 | W54: =IF(AND(A54=A55,V54=100,V55=100),"full access","") | X54: =IFERROR(IF(A55=A54,((U54-U55)/(C54-C55)),""),"null") -> 0.2164756 | Y54: 1.8671862 | Z54: 1.4434385 | AA54: 0.14677276 | AB54: =IFERROR(IF(A55=A54, Q54-X54, ""), "null") -> 1.2137624
A55: Botswana | B55: =VLOOKUP(A55,Regions!A:B,2,0) -> Sub-Saharan Africa | C55: 2020 | D55: =IF(A56=A55,ABS(C56-C55),"") | E55: =IFERROR(IF(A56=A55,((H55-H56)/(C55-C56)), ""), "null") | F55: 2351.625 | G55: 70.876999 | H55: 92.213563 | I55: =IFERROR(ROUND(H55,0),"null") -> 92 | J55: =IF(AND(A56=A55,I55=100,I56=100),"full access", " ") | K55: 4.723039 | L55: 1.7325265 | M55: 1.3308715 | N55: 79.043724 | O55: =IFERROR(ROUND(N55,0),"null") -> 79 | P55: =IF(AND(A55=A56,O55=100,O56=100),"full access"," ") | Q55: =IFERROR(IF(A56=A55,((N55-N56)/(C55-C56)),""),"null") | R55: 15.154947 | S55: 1.5961192 | T55: 4.2052098 | U55: 97.624981 | V55: =IFERROR(ROUND(U55,0),"null") -> 98 | W55: =IF(AND(A55=A56,V55=100,V56=100),"full access","") | X55: =IFERROR(IF(A56=A55,((U55-U56)/(C55-C56)),""),"null") | Y55: 0.43662003 | Z55: 1.7885792 | AA55: 0.14982023 | AB55: =IFERROR(IF(A56=A55, Q55-X55, ""), "null")
A56: Brazil | B56: =VLOOKUP(A56,Regions!A:B,2,0) -> Latin America & Caribbean | C56: 2015 | D56: =IF(A57=A56,ABS(C57-C56),"") -> 5 | E56: =IFERROR(IF(A57=A56,((H56-H57)/(C56-C57)), ""), "null") -> 0.30345708 | F56: 204471.77 | G56: 85.770004 | H56: 97.803568 | I56: =IFERROR(ROUND(H56,0),"null") -> 98 | J56: =IF(AND(A57=A56,I56=100,I57=100),"full access", " ") | K56: 0.57950002 | L56: 0.47496571 | M56: 1.1419667 | N56: 88.756028 | O56: =IFERROR(ROUND(N56,0),"null") -> 89 | P56: =IF(AND(A56=A57,O56=100,O57=100),"full access"," ") | Q56: =IFERROR(IF(A57=A56,((N56-N57)/(C56-C57)),""),"null") -> 1.4378463 | R56: 2.8537736 | S56: 0.36513424 | T56: 8.025064 | U56: 99.304631 | V56: =IFERROR(ROUND(U56,0),"null") -> 99 | W56: =IF(AND(A56=A57,V56=100,V57=100),"full access","") | X56: =IFERROR(IF(A57=A56,((U56-U57)/(C56-C57)),""),"null") -> 0.10347406 | Y56: 0.20217793 | Z56: 0.49319105 | AA56: 0 | AB56: =IFERROR(IF(A57=A56, Q56-X56, ""), "null") -> 1.3343722
A57: Brazil | B57: =VLOOKUP(A57,Regions!A:B,2,0) -> Latin America & Caribbean | C57: 2020 | D57: =IF(A58=A57,ABS(C58-C57),"") | E57: =IFERROR(IF(A58=A57,((H57-H58)/(C57-C58)), ""), "null") | F57: 212559.41 | G57: 87.072998 | H57: 99.320853 | I57: =IFERROR(ROUND(H57,0),"null") -> 99 | J57: =IF(AND(A58=A57,I57=100,I58=100),"full access", " ") | K57: 0.126549 | L57: 0.55259801 | M57: null | N57: 95.94526 | O57: =IFERROR(ROUND(N57,0),"null") -> 96 | P57: =IF(AND(A57=A58,O57=100,O58=100),"full access"," ") | Q57: =IFERROR(IF(A58=A57,((N57-N58)/(C57-C58)),""),"null") | R57: 0.97895092 | S57: 3.0757896 | T57: null | U57: 99.822001 | V57: =IFERROR(ROUND(U57,0),"null") -> 100 | W57: =IF(AND(A57=A58,V57=100,V58=100),"full access","") | X57: =IFERROR(IF(A58=A57,((U57-U58)/(C57-C58)),""),"null") | Y57: 0 | Z57: 0.17799869 | AA57: 0 | AB57: =IFERROR(IF(A58=A57, Q57-X57, ""), "null")
A58: British Virgin Islands | B58: =VLOOKUP(A58,Regions!A:B,2,0) -> Latin America & Caribbean | C58: 2015 | D58: =IF(A59=A58,ABS(C59-C58),"") -> 5 | E58: =IFERROR(IF(A59=A58,((H58-H59)/(C58-C59)), ""), "null") -> 0 | F58: 29.148001 | G58: 46.583 | H58: 99.864384 | I58: =IFERROR(ROUND(H58,0),"null") -> 100 | J58: =IF(AND(A59=A58,I58=100,I59=100),"full access", " ") -> full access | K58: 0 | L58: 0.13561644 | M58: 0 | N58: null | O58: =IFERROR(ROUND(N58,0),"null") -> null | P58: =IF(AND(A58=A59,O58=100,O59=100),"full access"," ") | Q58: =IFERROR(IF(A59=A58,((N58-N59)/(C58-C59)),""),"null") -> null | R58: null | S58: null | T58: null | U58: null | V58: =IFERROR(ROUND(U58,0),"null") -> null | W58: =IF(AND(A58=A59,V58=100,V59=100),"full access","") | X58: =IFERROR(IF(A59=A58,((U58-U59)/(C58-C59)),""),"null") -> null | Y58: null | Z58: null | AA58: null | AB58: =IFERROR(IF(A59=A58, Q58-X58, ""), "null") -> null
A59: British Virgin Islands | B59: =VLOOKUP(A59,Regions!A:B,2,0) -> Latin America & Caribbean | C59: 2020 | D59: =IF(A60=A59,ABS(C60-C59),"") | E59: =IFERROR(IF(A60=A59,((H59-H60)/(C59-C60)), ""), "null") | F59: 30.237 | G59: 48.514999 | H59: 99.864384 | I59: =IFERROR(ROUND(H59,0),"null") -> 100 | J59: =IF(AND(A60=A59,I59=100,I60=100),"full access", " ") | K59: 0 | L59: 0.13561644 | M59: 0 | N59: null | O59: =IFERROR(ROUND(N59,0),"null") -> null | P59: =IF(AND(A59=A60,O59=100,O60=100),"full access"," ") | Q59: =IFERROR(IF(A60=A59,((N59-N60)/(C59-C60)),""),"null") | R59: null | S59: null | T59: null | U59: null | V59: =IFERROR(ROUND(U59,0),"null") -> null | W59: =IF(AND(A59=A60,V59=100,V60=100),"full access","") | X59: =IFERROR(IF(A60=A59,((U59-U60)/(C59-C60)),""),"null") | Y59: null | Z59: null | AA59: null | AB59: =IFERROR(IF(A60=A59, Q59-X59, ""), "null")
A60: Brunei Darussalam | B60: =VLOOKUP(A60,Regions!A:B,2,0) -> East Asia & Pacific | C60: 2015 | D60: =IF(A61=A60,ABS(C61-C60),"") -> 5 | E60: =IFERROR(IF(A61=A60,((H60-H61)/(C60-C61)), ""), "null") -> 0.078012128 | F60: 414.914 | G60: 76.662994 | H60: 99.509976 | I60: =IFERROR(ROUND(H60,0),"null") -> 100 | J60: =IF(AND(A61=A60,I60=100,I61=100),"full access", " ") -> full access | K60: 0 | L60: 0.39667583 | M60: 0.093348003 | N60: 99.05 | O60: =IFERROR(ROUND(N60,0),"null") -> 99 | P60: =IF(AND(A60=A61,O60=100,O61=100),"full access"," ") | Q60: =IFERROR(IF(A61=A60,((N60-N61)/(C60-C61)),""),"null") -> null | R60: 0 | S60: 0.55 | T60: 0.4 | U60: 99.65 | V60: =IFERROR(ROUND(U60,0),"null") -> 100 | W60: =IF(AND(A60=A61,V60=100,V61=100),"full access","") -> full access | X60: =IFERROR(IF(A61=A60,((U60-U61)/(C60-C61)),""),"null") -> 0 | Y60: 0 | Z60: 0.35 | AA60: 0 | AB60: =IFERROR(IF(A61=A60, Q60-X60, ""), "null") -> null
A61: Brunei Darussalam | B61: =VLOOKUP(A61,Regions!A:B,2,0) -> East Asia & Pacific | C61: 2020 | D61: =IF(A62=A61,ABS(C62-C61),"") | E61: =IFERROR(IF(A62=A61,((H61-H62)/(C61-C62)), ""), "null") | F61: 437.483 | G61: 78.250008 | H61: 99.900037 | I61: =IFERROR(ROUND(H61,0),"null") -> 100 | J61: =IF(AND(A62=A61,I61=100,I62=100),"full access", " ") | K61: 0 | L61: 0.0999632 | M61: 0 | N61: null | O61: =IFERROR(ROUND(N61,0),"null") -> null | P61: =IF(AND(A61=A62,O61=100,O62=100),"full access"," ") | Q61: =IFERROR(IF(A62=A61,((N61-N62)/(C61-C62)),""),"null") | R61: null | S61: null | T61: null | U61: 99.65 | V61: =IFERROR(ROUND(U61,0),"null") -> 100 | W61: =IF(AND(A61=A62,V61=100,V62=100),"full access","") | X61: =IFERROR(IF(A62=A61,((U61-U62)/(C61-C62)),""),"null") | Y61: 0 | Z61: 0.35 | AA61: 0 | AB61: =IFERROR(IF(A62=A61, Q61-X61, ""), "null")
A62: Bulgaria | B62: =VLOOKUP(A62,Regions!A:B,2,0) -> Europe & Central Asia | C62: 2015 | D62: =IF(A63=A62,ABS(C63-C62),"") -> 5 | E62: =IFERROR(IF(A63=A62,((H62-H63)/(C62-C63)), ""), "null") -> -0.036982074 | F62: 7199.7388 | G62: 73.989998 | H62: 99.196327 | I62: =IFERROR(ROUND(H62,0),"null") -> 99 | J62: =IF(AND(A63=A62,I62=100,I63=100),"full access", " ") | K62: 0 | L62: 0.80367269 | M62: 0 | N62: 98.01614 | O62: =IFERROR(ROUND(N62,0),"null") -> 98 | P62: =IF(AND(A62=A63,O62=100,O63=100),"full access"," ") | Q62: =IFERROR(IF(A63=A62,((N62-N63)/(C62-C63)),""),"null") -> -0.12297047 | R62: 0 | S62: 1.9838597 | T62: 0 | U62: 99.611208 | V62: =IFERROR(ROUND(U62,0),"null") -> 100 | W62: =IF(AND(A62=A63,V62=100,V63=100),"full access","") -> full access | X62: =IFERROR(IF(A63=A62,((U62-U63)/(C62-C63)),""),"null") -> -0.016507464 | Y62: 0 | Z62: 0.38879228 | AA62: 0 | AB62: =IFERROR(IF(A63=A62, Q62-X62, ""), "null") -> -0.10646301
A63: Bulgaria | B63: =VLOOKUP(A63,Regions!A:B,2,0) -> Europe & Central Asia | C63: 2020 | D63: =IF(A64=A63,ABS(C64-C63),"") | E63: =IFERROR(IF(A64=A63,((H63-H64)/(C63-C64)), ""), "null") | F63: 6948.4448 | G63: 75.685997 | H63: 99.011417 | I63: =IFERROR(ROUND(H63,0),"null") -> 99 | J63: =IF(AND(A64=A63,I63=100,I64=100),"full access", " ") | K63: 0 | L63: 0.98858306 | M63: 0 | N63: 97.401288 | O63: =IFERROR(ROUND(N63,0),"null") -> 97 | P63: =IF(AND(A63=A64,O63=100,O64=100),"full access"," ") | Q63: =IFERROR(IF(A64=A63,((N63-N64)/(C63-C64)),""),"null") | R63: 0 | S63: 2.598712 | T63: 0 | U63: 99.52867 | V63: =IFERROR(ROUND(U63,0),"null") -> 100 | W63: =IF(AND(A63=A64,V63=100,V64=100),"full access","") | X63: =IFERROR(IF(A64=A63,((U63-U64)/(C63-C64)),""),"null") | Y63: 0 | Z63: 0.4713296 | AA63: 0 | AB63: =IFERROR(IF(A64=A63, Q63-X63, ""), "null")
A64: Burkina Faso | B64: =VLOOKUP(A64,Regions!A:B,2,0) -> Sub-Saharan Africa | C64: 2015 | D64: =IF(A65=A64,ABS(C65-C64),"") -> 5 | E64: =IFERROR(IF(A65=A64,((H64-H65)/(C64-C65)), ""), "null") -> -0.58445533 | F64: 18110.615 | G64: 27.530001 | H64: 50.137131 | I64: =IFERROR(ROUND(H64,0),"null") -> 50 | J64: =IF(AND(A65=A64,I64=100,I65=100),"full access", " ") | K64: 25.673541 | L64: 22.430179 | M64: 1.759149 | N64: 38.855164 | O64: =IFERROR(ROUND(N64,0),"null") -> 39 | P64: =IF(AND(A64=A65,O64=100,O65=100),"full access"," ") | Q64: =IFERROR(IF(A65=A64,((N64-N65)/(C64-C65)),""),"null") -> -1.227381 | R64: 30.202185 | S64: 28.648694 | T64: 2.2939571 | U64: 79.835792 | V64: =IFERROR(ROUND(U64,0),"null") -> 80 | W64: =IF(AND(A64=A65,V64=100,V65=100),"full access","") | X64: =IFERROR(IF(A65=A64,((U64-U65)/(C64-C65)),""),"null") -> 0.049225276 | Y64: 13.752335 | Z64: 6.0605534 | AA64: 0.35131982 | AB64: =IFERROR(IF(A65=A64, Q64-X64, ""), "null") -> -1.2766062
A65: Burkina Faso | B65: =VLOOKUP(A65,Regions!A:B,2,0) -> Sub-Saharan Africa | C65: 2020 | D65: =IF(A66=A65,ABS(C66-C65),"") | E65: =IFERROR(IF(A66=A65,((H65-H66)/(C65-C66)), ""), "null") | F65: 20903.277 | G65: 30.607 | H65: 47.214854 | I65: =IFERROR(ROUND(H65,0),"null") -> 47 | J65: =IF(AND(A66=A65,I65=100,I66=100),"full access", " ") | K65: 31.273003 | L65: 21.158633 | M65: 0.3535095 | N65: 32.718259 | O65: =IFERROR(ROUND(N65,0),"null") -> 33 | P65: =IF(AND(A65=A66,O65=100,O66=100),"full access"," ") | Q65: =IFERROR(IF(A66=A65,((N65-N66)/(C65-C66)),""),"null") | R65: 38.626903 | S65: 28.340446 | T65: 0.31439286 | U65: 80.081919 | V65: =IFERROR(ROUND(U65,0),"null") -> 80 | W65: =IF(AND(A65=A66,V65=100,V66=100),"full access","") | X65: =IFERROR(IF(A66=A65,((U65-U66)/(C65-C66)),""),"null") | Y65: 14.600049 | Z65: 4.8758365 | AA65: 0.44219578 | AB65: =IFERROR(IF(A66=A65, Q65-X65, ""), "null")
A66: Burundi | B66: =VLOOKUP(A66,Regions!A:B,2,0) -> Sub-Saharan Africa | C66: 2015 | D66: =IF(A67=A66,ABS(C67-C66),"") -> 5 | E66: =IFERROR(IF(A67=A66,((H66-H67)/(C66-C67)), ""), "null") -> 0.5251306 | F66: 10160.034 | G66: 12.078 | H66: 59.581469 | I66: =IFERROR(ROUND(H66,0),"null") -> 60 | J66: =IF(AND(A67=A66,I66=100,I67=100),"full access", " ") | K66: 19.538892 | L66: 14.864993 | M66: 6.0146463 | N66: 55.558267 | O66: =IFERROR(ROUND(N66,0),"null") -> 56 | P66: =IF(AND(A66=A67,O66=100,O67=100),"full access"," ") | Q66: =IFERROR(IF(A67=A66,((N66-N67)/(C66-C67)),""),"null") -> 0.42549967 | R66: 21.166796 | S66: 16.594145 | T66: 6.680793 | U66: 88.868438 | V66: =IFERROR(ROUND(U66,0),"null") -> 89 | W66: =IF(AND(A66=A67,V66=100,V67=100),"full access","") | X66: =IFERROR(IF(A67=A66,((U66-U67)/(C66-C67)),""),"null") -> 0.36013465 | Y66: 7.6885395 | Z66: 2.2776019 | AA66: 1.165421 | AB66: =IFERROR(IF(A67=A66, Q66-X66, ""), "null") -> 0.065365018
A67: Burundi | B67: =VLOOKUP(A67,Regions!A:B,2,0) -> Sub-Saharan Africa | C67: 2020 | D67: =IF(A68=A67,ABS(C68-C67),"") | E67: =IFERROR(IF(A68=A67,((H67-H68)/(C67-C68)), ""), "null") | F67: 11890.781 | G67: 13.708 | H67: 62.207122 | I67: =IFERROR(ROUND(H67,0),"null") -> 62 | J67: =IF(AND(A68=A67,I67=100,I68=100),"full access", " ") | K67: 19.439693 | L67: 14.75826 | M67: 3.5949249 | N67: 57.685765 | O67: =IFERROR(ROUND(N67,0),"null") -> 58 | P67: =IF(AND(A67=A68,O67=100,O68=100),"full access"," ") | Q67: =IFERROR(IF(A68=A67,((N67-N68)/(C67-C68)),""),"null") | R67: 21.251482 | S67: 16.896752 | T67: 4.1660002 | U67: 90.669111 | V67: =IFERROR(ROUND(U67,0),"null") -> 91 | W67: =IF(AND(A67=A68,V67=100,V68=100),"full access","") | X67: =IFERROR(IF(A68=A67,((U67-U68)/(C67-C68)),""),"null") | Y67: 8.0344629 | Z67: 1.2964263 | AA67: 0 | AB67: =IFERROR(IF(A68=A67, Q67-X67, ""), "null")
A68: Cabo Verde | B68: =VLOOKUP(A68,Regions!A:B,2,0) -> Sub-Saharan Africa | C68: 2015 | D68: =IF(A69=A68,ABS(C69-C68),"") -> 5 | E68: =IFERROR(IF(A69=A68,((H68-H69)/(C68-C69)), ""), "null") -> 0.66525281 | F68: 524.73999 | G68: 64.299995 | H68: 85.443342 | I68: =IFERROR(ROUND(H68,0),"null") -> 85 | J68: =IF(AND(A69=A68,I68=100,I69=100),"full access", " ") | K68: 10.253078 | L68: 4.1519483 | M68: 0.15163169 | N68: 72.832314 | O68: =IFERROR(ROUND(N68,0),"null") -> 73 | P68: =IF(AND(A68=A69,O68=100,O69=100),"full access"," ") | Q68: =IFERROR(IF(A69=A68,((N68-N69)/(C68-C69)),""),"null") -> 1.4564423 | R68: 16.379795 | S68: 10.436761 | T68: 0.35113054 | U68: 92.445115 | V68: =IFERROR(ROUND(U68,0),"null") -> 92 | W68: =IF(AND(A68=A69,V68=100,V69=100),"full access","") | X68: =IFERROR(IF(A69=A68,((U68-U69)/(C68-C69)),""),"null") -> 0.1309771 | Y68: 6.8514639 | Z68: 0.66255363 | AA68: 0.040867954 | AB68: =IFERROR(IF(A69=A68, Q68-X68, ""), "null") -> 1.3254652
A69: Cabo Verde | B69: =VLOOKUP(A69,Regions!A:B,2,0) -> Sub-Saharan Africa | C69: 2020 | D69: =IF(A70=A69,ABS(C70-C69),"") | E69: =IFERROR(IF(A70=A69,((H69-H70)/(C69-C70)), ""), "null") | F69: 555.98798 | G69: 66.652 | H69: 88.769606 | I69: =IFERROR(ROUND(H69,0),"null") -> 89 | J69: =IF(AND(A70=A69,I69=100,I70=100),"full access", " ") | K69: 7.9041508 | L69: 3.2091477 | M69: 0.11709501 | N69: 80.114525 | O69: =IFERROR(ROUND(N69,0),"null") -> 80 | P69: =IF(AND(A69=A70,O69=100,O70=100),"full access"," ") | Q69: =IFERROR(IF(A70=A69,((N69-N70)/(C69-C70)),""),"null") | R69: 9.911127 | S69: 9.623217 | T69: 0.35113054 | U69: 93.1 | V69: =IFERROR(ROUND(U69,0),"null") -> 93 | W69: =IF(AND(A69=A70,V69=100,V70=100),"full access","") | X69: =IFERROR(IF(A70=A69,((U69-U70)/(C69-C70)),""),"null") | Y69: 6.9 | Z69: 0 | AA69: 0 | AB69: =IFERROR(IF(A70=A69, Q69-X69, ""), "null")
A70: Cambodia | B70: =VLOOKUP(A70,Regions!A:B,2,0) -> East Asia & Pacific | C70: 2015 | D70: =IF(A71=A70,ABS(C71-C70),"") -> 5 | E70: =IFERROR(IF(A71=A70,((H70-H71)/(C70-C71)), ""), "null") -> 0.5552072 | F70: 15521.435 | G70: 22.188 | H70: 68.443849 | I70: =IFERROR(ROUND(H70,0),"null") -> 68 | J70: =IF(AND(A71=A70,I70=100,I71=100),"full access", " ") | K70: 8.6032482 | L70: 9.6029948 | M70: 13.349908 | N70: 62.711117 | O70: =IFERROR(ROUND(N70,0),"null") -> 63 | P70: =IF(AND(A70=A71,O70=100,O71=100),"full access"," ") | Q70: =IFERROR(IF(A71=A70,((N70-N71)/(C70-C71)),""),"null") -> 0.47120783 | R70: 9.4320456 | S70: 11.750896 | T70: 16.105942 | U70: 88.548191 | V70: =IFERROR(ROUND(U70,0),"null") -> 89 | W70: =IF(AND(A70=A71,V70=100,V71=100),"full access","") | X70: =IFERROR(IF(A71=A70,((U70-U71)/(C70-C71)),""),"null") -> 0.38197715 | Y70: 5.6967035 | Z70: 2.0704457 | AA70: 3.6846594 | AB70: =IFERROR(IF(A71=A70, Q70-X70, ""), "null") -> 0.089230684
A71: Cambodia | B71: =VLOOKUP(A71,Regions!A:B,2,0) -> East Asia & Pacific | C71: 2020 | D71: =IF(A72=A71,ABS(C72-C71),"") | E71: =IFERROR(IF(A72=A71,((H71-H72)/(C71-C72)), ""), "null") | F71: 16718.971 | G71: 24.232 | H71: 71.219885 | I71: =IFERROR(ROUND(H71,0),"null") -> 71 | J71: =IF(AND(A72=A71,I71=100,I72=100),"full access", " ") | K71: 13.902222 | L71: 5.6772186 | M71: 9.2006744 | N71: 65.067156 | O71: =IFERROR(ROUND(N71,0),"null") -> 65 | P71: =IF(AND(A71=A72,O71=100,O72=100),"full access"," ") | Q71: =IFERROR(IF(A72=A71,((N71-N72)/(C71-C72)),""),"null") | R71: 15.517723 | S71: 7.4928993 | T71: 11.922222 | U71: 90.458077 | V71: =IFERROR(ROUND(U71,0),"null") -> 90 | W71: =IF(AND(A71=A72,V71=100,V72=100),"full access","") | X71: =IFERROR(IF(A72=A71,((U71-U72)/(C71-C72)),""),"null") | Y71: 8.8509147 | Z71: 0 | AA71: 0.69100811 | AB71: =IFERROR(IF(A72=A71, Q71-X71, ""), "null")
A72: Cameroon | B72: =VLOOKUP(A72,Regions!A:B,2,0) -> Sub-Saharan Africa | C72: 2015 | D72: =IF(A73=A72,ABS(C73-C72),"") -> 5 | E72: =IFERROR(IF(A73=A72,((H72-H73)/(C72-C73)), ""), "null") -> 0.34928561 | F72: 23298.377 | G72: 54.577999 | H72: 63.97399 | I72: =IFERROR(ROUND(H72,0),"null") -> 64 | J72: =IF(AND(A73=A72,I72=100,I73=100),"full access", " ") | K72: 11.238271 | L72: 17.651358 | M72: 7.136381 | N72: 42.005669 | O72: =IFERROR(ROUND(N72,0),"null") -> 42 | P72: =IF(AND(A72=A73,O72=100,O73=100),"full access"," ") | Q72: =IFERROR(IF(A73=A72,((N72-N73)/(C72-C73)),""),"null") -> 0.30438238 | R72: 11.073386 | S72: 32.394045 | T72: 14.5269 | U72: 82.256908 | V72: =IFERROR(ROUND(U72,0),"null") -> 82 | W72: =IF(AND(A72=A73,V72=100,V73=100),"full access","") | X72: =IFERROR(IF(A73=A72,((U72-U73)/(C72-C73)),""),"null") -> -0.03466461 | Y72: 11.375494 | Z72: 5.3819035 | AA72: 0.9856948 | AB72: =IFERROR(IF(A73=A72, Q72-X72, ""), "null") -> 0.33904699
A73: Cameroon | B73: =VLOOKUP(A73,Regions!A:B,2,0) -> Sub-Saharan Africa | C73: 2020 | D73: =IF(A74=A73,ABS(C74-C73),"") | E73: =IFERROR(IF(A74=A73,((H73-H74)/(C73-C74)), ""), "null") | F73: 26545.863 | G73: 57.560005 | H73: 65.720418 | I73: =IFERROR(ROUND(H73,0),"null") -> 66 | J73: =IF(AND(A74=A73,I73=100,I74=100),"full access", " ") | K73: 12.874749 | L73: 15.001006 | M73: 6.4038269 | N73: 43.527581 | O73: =IFERROR(ROUND(N73,0),"null") -> 44 | P73: =IF(AND(A73=A74,O73=100,O74=100),"full access"," ") | Q73: =IFERROR(IF(A74=A73,((N73-N74)/(C73-C74)),""),"null") | R73: 12.672599 | S73: 30.123806 | T73: 13.676013 | U73: 82.083585 | V73: =IFERROR(ROUND(U73,0),"null") -> 82 | W73: =IF(AND(A73=A74,V73=100,V74=100),"full access","") | X73: =IFERROR(IF(A74=A73,((U73-U74)/(C73-C74)),""),"null") | Y73: 13.023797 | Z73: 3.8507014 | AA73: 1.041917 | AB73: =IFERROR(IF(A74=A73, Q73-X73, ""), "null")
... A75: Canada | B75: =VLOOKUP(A75,Regions!A:B,2,0) -> North America | C75: 2020 | D75: =IF(A76=A75,ABS(C76-C75),"") | E75: =IFERROR(IF(A76=A75,((H75-H76)/(C75-C76)), ""), "null") | F75: 37742.156 | G75: 81.562004 | H75: 99.221811 | I75: =IFERROR(ROUND(H75,0),"null") -> 99 | J75: =IF(AND(A76=A75,I75=100,I76=100),"full access", " ") | K75: 0 | L75: 0.77818934 | M75: 0 | N75: 99.060496 | O75: =IFERROR(ROUND(N75,0),"null") -> 99 | P75: =IF(AND(A75=A76,O75=100,O76=100),"full access"," ") | Q75: =IFERROR(IF(A76=A75,((N75-N76)/(C75-C76)),""),"null") | R75: 0 | S75: 0.9395041 | T75: 0 | U75: 99.258278 | V75: =IFERROR(ROUND(U75,0),"null") -> 99 | W75: =IF(AND(A75=A76,V75=100,V76=100),"full access","") | X75: =IFERROR(IF(A76=A75,((U75-U76)/(C75-C76)),""),"null") | Y75: 0 | Z75: 0.74172234 | AA75: 0 | AB75: =IFERROR(IF(A76=A75, Q75-X75, ""), "null")
A76: Cayman Islands | B76: =VLOOKUP(A76,Regions!A:B,2,0) -> Latin America & Caribbean | C76: 2015 | D76: =IF(A77=A76,ABS(C77-C76),"") -> 1 | E76: =IFERROR(IF(A77=A76,((H76-H77)/(C76-C77)), ""), "null") -> 0 | F76: 61.721001 | G76: 100 | H76: 96.125 | I76: =IFERROR(ROUND(H76,0),"null") -> 96 | J76: =IF(AND(A77=A76,I76=100,I77=100),"full access", " ") | K76: 0 | L76: 3.875 | M76: 0 | N76: null | O76: =IFERROR(ROUND(N76,0),"null") -> null | P76: =IF(AND(A76=A77,O76=100,O77=100),"full access"," ") | Q76: =IFERROR(IF(A77=A76,((N76-N77)/(C76-C77)),""),"null") -> null | R76: null | S76: null | T76: null | U76: 96.125 | V76: =IFERROR(ROUND(U76,0),"null") -> 96 | W76: =IF(AND(A76=A77,V76=100,V77=100),"full access","") | X76: =IFERROR(IF(A77=A76,((U76-U77)/(C76-C77)),""),"null") -> 0 | Y76: 0 | Z76: 3.875 | AA76: 0 | AB76: =IFERROR(IF(A77=A76, Q76-X76, ""), "null") -> null
A77: Cayman Islands | B77: =VLOOKUP(A77,Regions!A:B,2,0) -> Latin America & Caribbean | C77: 2016 | D77: =IF(A78=A77,ABS(C78-C77),"") | E77: =IFERROR(IF(A78=A77,((H77-H78)/(C77-C78)), ""), "null") | F77: 62.563999 | G77: 100 | H77: 96.125 | I77: =IFERROR(ROUND(H77,0),"null") -> 96 | J77: =IF(AND(A78=A77,I77=100,I78=100),"full access", " ") | K77: 0 | L77: 3.875 | M77: 0 | N77: null | O77: =IFERROR(ROUND(N77,0),"null") -> null | P77: =IF(AND(A77=A78,O77=100,O78=100),"full access"," ") | Q77: =IFERROR(IF(A78=A77,((N77-N78)/(C77-C78)),""),"null") | R77: null | S77: null | T77: null | U77: 96.125 | V77: =IFERROR(ROUND(U77,0),"null") -> 96 | W77: =IF(AND(A77=A78,V77=100,V78=100),"full access","") | X77: =IFERROR(IF(A78=A77,((U77-U78)/(C77-C78)),""),"null") | Y77: 0 | Z77: 3.875 | AA77: 0 | AB77: =IFERROR(IF(A78=A77, Q77-X77, ""), "null")
A78: Central African Republic | B78: =VLOOKUP(A78,Regions!A:B,2,0) -> Sub-Saharan Africa | C78: 2015 | D78: =IF(A79=A78,ABS(C79-C78),"") -> 5 | E78: =IFERROR(IF(A79=A78,((H78-H79)/(C78-C79)), ""), "null") -> -1.0217887 | F78: 4493.1709 | G78: 40.277 | H78: 42.311345 | I78: =IFERROR(ROUND(H78,0),"null") -> 42 | J78: =IF(AND(A79=A78,I78=100,I79=100),"full access", " ") | K78: 21.343997 | L78: 32.010174 | M78: 4.3344833 | N78: 31.891408 | O78: =IFERROR(ROUND(N78,0),"null") -> 32 | P78: =IF(AND(A78=A79,O78=100,O79=100),"full access"," ") | Q78: =IFERROR(IF(A79=A78,((N78-N79)/(C78-C79)),""),"null") -> -0.75696273 | R78: 17.357854 | S78: 43.702609 | T78: 7.0481294 | U78: 57.762099 | V78: =IFERROR(ROUND(U78,0),"null") -> 58 | W78: =IF(AND(A78=A79,V78=100,V79=100),"full access","") | X78: =IFERROR(IF(A79=A78,((U78-U79)/(C78-C79)),""),"null") -> -1.6200868 | Y78: 27.254678 | Z78: 14.672551 | AA78: 0.31067171 | AB78: =IFERROR(IF(A79=A78, Q78-X78, ""), "null") -> 0.86312408
A79: Central African Republic | B79: =VLOOKUP(A79,Regions!A:B,2,0) -> Sub-Saharan Africa | C79: 2020 | D79: =IF(A80=A79,ABS(C80-C79),"") | E79: =IFERROR(IF(A80=A79,((H79-H80)/(C79-C80)), ""), "null") | F79: 4829.7642 | G79: 42.197998 | H79: 37.202402 | I79: =IFERROR(ROUND(H79,0),"null") -> 37 | J79: =IF(AND(A80=A79,I79=100,I80=100),"full access", " ") | K79: 25.682373 | L79: 33.539114 | M79: 3.5761107 | N79: 28.106594 | O79: =IFERROR(ROUND(N79,0),"null") -> 28 | P79: =IF(AND(A79=A80,O79=100,O80=100),"full access"," ") | Q79: =IFERROR(IF(A80=A79,((N79-N80)/(C79-C80)),""),"null") | R79: 19.40589 | S79: 46.373073 | T79: 6.1144429 | U79: 49.661665 | V79: =IFERROR(ROUND(U79,0),"null") -> 50 | W79: =IF(AND(A79=A80,V79=100,V80=100),"full access","") | X79: =IFERROR(IF(A80=A79,((U79-U80)/(C79-C80)),""),"null") | Y79: 34.27978 | Z79: 15.959402 | AA79: 0.099152817 | AB79: =IFERROR(IF(A80=A79, Q79-X79, ""), "null")
A80: Chad | B80: =VLOOKUP(A80,Regions!A:B,2,0) -> Sub-Saharan Africa | C80: 2015 | D80: =IF(A81=A80,ABS(C81-C80),"") -> 5 | E80: =IFERROR(IF(A81=A80,((H80-H81)/(C80-C81)), ""), "null") -> 0.35768756 | F80: 14110.971 | G80: 22.515001 | H80: 44.399097 | I80: =IFERROR(ROUND(H80,0),"null") -> 44 | J80: =IF(AND(A81=A80,I80=100,I81=100),"full access", " ") | K80: 13.516383 | L80: 34.70274 | M80: 7.38178 | N80: 35.578901 | O80: =IFERROR(ROUND(N80,0),"null") -> 36 | P80: =IF(AND(A80=A81,O80=100,O81=100),"full access"," ") | Q80: =IFERROR(IF(A81=A80,((N80-N81)/(C80-C81)),""),"null") -> 0.3992629 | R80: 13.876414 | S80: 41.266156 | T80: 9.2785288 | U80: 74.753652 | V80: =IFERROR(ROUND(U80,0),"null") -> 75 | W80: =IF(AND(A80=A81,V80=100,V81=100),"full access","") | X80: =IFERROR(IF(A81=A80,((U80-U81)/(C80-C81)),""),"null") -> -0.11228574 | Y80: 12.277342 | Z80: 12.114856 | AA80: 0.85414997 | AB80: =IFERROR(IF(A81=A80, Q80-X80, ""), "null") -> 0.51154864
A81: Chad | B81: =VLOOKUP(A81,Regions!A:B,2,0) -> Sub-Saharan Africa | C81: 2020 | D81: =IF(A82=A81,ABS(C82-C81),"") | E81: =IFERROR(IF(A82=A81,((H81-H82)/(C81-C82)), ""), "null") | F81: 16425.859 | G81: 23.52 | H81: 46.187535 | I81: =IFERROR(ROUND(H81,0),"null") -> 46 | J81: =IF(AND(A82=A81,I81=100,I82=100),"full access", " ") | K81: 14.740289 | L81: 31.562457 | M81: 7.5097188 | N81: 37.575215 | O81: =IFERROR(ROUND(N81,0),"null") -> 38 | P81: =IF(AND(A81=A82,O81=100,O82=100),"full access"," ") | Q81: =IFERROR(IF(A82=A81,((N81-N82)/(C81-C82)),""),"null") | R81: 14.353961 | S81: 38.524968 | T81: 9.545856 | U81: 74.192223 | V81: =IFERROR(ROUND(U81,0),"null") -> 74 | W81: =IF(AND(A81=A82,V81=100,V82=100),"full access","") | X81: =IFERROR(IF(A82=A81,((U81-U82)/(C81-C82)),""),"null") | Y81: 15.996514 | Z81: 8.9224527 | AA81: 0.88881038 | AB81: =IFERROR(IF(A82=A81, Q81-X81, ""), "null")
A82: Channel Islands | B82: =VLOOKUP(A82,Regions!A:B,2,0) -> Europe & Central Asia | C82: 2015 | D82: =IF(A83=A82,ABS(C83-C82),"") -> 2 | E82: =IFERROR(IF(A83=A82,((H82-H83)/(C82-C83)), ""), "null") -> 0 | F82: 165.38699 | G82: 30.961998 | H82: 94.15 | I82: =IFERROR(ROUND(H82,0),"null") -> 94 | J82: =IF(AND(A83=A82,I82=100,I83=100),"full access", " ") | K82: 0 | L82: 5.85 | M82: 0 | N82: null | O82: =IFERROR(ROUND(N82,0),"null") -> null | P82: =IF(AND(A82=A83,O82=100,O83=100),"full access"," ") | Q82: =IFERROR(IF(A83=A82,((N82-N83)/(C82-C83)),""),"null") -> null | R82: null | S82: null | T82: null | U82: null | V82: =IFERROR(ROUND(U82,0),"null") -> null | W82: =IF(AND(A82=A83,V82=100,V83=100),"full access","") | X82: =IFERROR(IF(A83=A82,((U82-U83)/(C82-C83)),""),"null") -> null | Y82: null | Z82: null | AA82: null | AB82: =IFERROR(IF(A83=A82, Q82-X82, ""), "null") -> null
A83: Channel Islands | B83: =VLOOKUP(A83,Regions!A:B,2,0) -> Europe & Central Asia | C83: 2017 | D83: =IF(A84=A83,ABS(C84-C83),"") | E83: =IFERROR(IF(A84=A83,((H83-H84)/(C83-C84)), ""), "null") | F83: 168.666 | G83: 30.914 | H83: 94.15 | I83: =IFERROR(ROUND(H83,0),"null") -> 94 | J83: =IF(AND(A84=A83,I83=100,I84=100),"full access", " ") | K83: 0 | L83: 5.85 | M83: 0 | N83: null | O83: =IFERROR(ROUND(N83,0),"null") -> null | P83: =IF(AND(A83=A84,O83=100,O84=100),"full access"," ") | Q83: =IFERROR(IF(A84=A83,((N83-N84)/(C83-C84)),""),"null") | R83: null | S83: null | T83: null | U83: null | V83: =IFERROR(ROUND(U83,0),"null") -> null | W83: =IF(AND(A83=A84,V83=100,V84=100),"full access","") | X83: =IFERROR(IF(A84=A83,((U83-U84)/(C83-C84)),""),"null") | Y83: null | Z83: null | AA83: null | AB83: =IFERROR(IF(A84=A83, Q83-X83, ""), "null")
A84: Chile | B84: =VLOOKUP(A84,Regions!A:B,2,0) -> Latin America & Caribbean | C84: 2015 | D84: =IF(A85=A84,ABS(C85-C84),"") -> 5 | E84: =IFERROR(IF(A85=A84,((H84-H85)/(C84-C85)), ""), "null") -> 0.0987012 | F84: 17969.355 | G84: 87.360001 | H84: 99.506493 | I84: =IFERROR(ROUND(H84,0),"null") -> 100 | J84: =IF(AND(A85=A84,I84=100,I85=100),"full access", " ") -> full access | K84: 0 | L84: 0.49350728 | M84: 0 | N84: 97.067699 | O84: =IFERROR(ROUND(N84,0),"null") -> 97 | P84: =IF(AND(A84=A85,O84=100,O85=100),"full access"," ") | Q84: =IFERROR(IF(A85=A84,((N84-N85)/(C84-C85)),""),"null") -> 0.5864603 | R84: 0 | S84: 2.9323015 | T84: 0 | U84: 99.859357 | V84: =IFERROR(ROUND(U84,0),"null") -> 100 | W84: =IF(AND(A84=A85,V84=100,V85=100),"full access","") -> full access | X84: =IFERROR(IF(A85=A84,((U84-U85)/(C84-C85)),""),"null") -> 0.028128604 | Y84: 0 | Z84: 0.14064302 | AA84: 0 | AB84: =IFERROR(IF(A85=A84, Q84-X84, ""), "null") -> 0.5583317
A85: Chile | B85: =VLOOKUP(A85,Regions!A:B,2,0) -> Latin America & Caribbean | C85: 2020 | D85: =IF(A86=A85,ABS(C86-C85),"") | E85: =IFERROR(IF(A86=A85,((H85-H86)/(C85-C86)), ""), "null") | F85: 19116.209 | G85: 87.726997 | H85: 99.999999 | I85: =IFERROR(ROUND(H85,0),"null") -> 100 | J85: =IF(AND(A86=A85,I85=100,I86=100),"full access", " ") | K85: 0 | L85: 1.2771393e-06 | M85: 0 | N85: 100 | O85: =IFERROR(ROUND(N85,0),"null") -> 100 | P85: =IF(AND(A85=A86,O85=100,O86=100),"full access"," ") | Q85: =IFERROR(IF(A86=A85,((N85-N86)/(C85-C86)),""),"null") | R85: 0 | S85: 0 | T85: 0 | U85: 100 | V85: =IFERROR(ROUND(U85,0),"null") -> 100 | W85: =IF(AND(A85=A86,V85=100,V86=100),"full access","") | X85: =IFERROR(IF(A86=A85,((U85-U86)/(C85-C86)),""),"null") | Y85: 0 | Z85: 0 | AA85: 0 | AB85: =IFERROR(IF(A86=A85, Q85-X85, ""), "null")
A86: China | B86: =VLOOKUP(A86,Regions!A:B,2,0) -> East Asia & Pacific | C86: 2015 | D86: =IF(A87=A86,ABS(C87-C86),"") -> 5 | E86: =IFERROR(IF(A87=A86,((H86-H87)/(C86-C87)), ""), "null") -> 0.49969387 | F86: 1430405.4 | G86: 55.852707 | H86: 91.762641 | I86: =IFERROR(ROUND(H86,0),"null") -> 92 | J86: =IF(AND(A87=A86,I86=100,I87=100),"full access", " ") | K86: 0.81876266 | L86: 6.7820774 | M86: 0.6365187 | N86: 84.479188 | O86: =IFERROR(ROUND(N86,0),"null") -> 84 | P86: =IF(AND(A86=A87,O86=100,O87=100),"full access"," ") | Q86: =IFERROR(IF(A87=A86,((N86-N87)/(C86-C87)),""),"null") -> 1.0364091 | R86: 1.5118631 | S86: 12.952949 | T86: 1.056 | U86: 97.519654 | V86: =IFERROR(ROUND(U86,0),"null") -> 98 | W86: =IF(AND(A86=A87,V86=100,V87=100),"full access","") | X86: =IFERROR(IF(A87=A86,((U86-U87)/(C86-C87)),""),"null") -> -0.08095426 | Y86: 0.2709198 | Z86: 1.9044754 | AA86: 0.30495082 | AB86: =IFERROR(IF(A87=A86, Q86-X86, ""), "null") -> 1.1173634
A87: China | B87: =VLOOKUP(A87,Regions!A:B,2,0) -> East Asia & Pacific | C87: 2020 | D87: =IF(A88=A87,ABS(C88-C87),"") | E87: =IFERROR(IF(A88=A87,((H87-H88)/(C87-C88)), ""), "null") | F87: 1463140.5 | G87: 61.713089 | H87: 94.261111 | I87: =IFERROR(ROUND(H87,0),"null") -> 94 | J87: =IF(AND(A88=A87,I87=100,I88=100),"full access", " ") | K87: 0.81472133 | L87: 4.7254519 | M87: 0.19871614 | N87: 89.661234 | O87: =IFERROR(ROUND(N87,0),"null") -> 90 | P87: =IF(AND(A87=A88,O87=100,O88=100),"full access"," ") | Q87: =IFERROR(IF(A88=A87,((N87-N88)/(C87-C88)),""),"null") | R87: 1.8326791 | S87: 8.5060874 | T87: 0 | U87: 97.114883 | V87: =IFERROR(ROUND(U87,0),"null") -> 97 | W87: =IF(AND(A87=A88,V87=100,V88=100),"full access","") | X87: =IFERROR(IF(A88=A87,((U87-U88)/(C87-C88)),""),"null") | Y87: 0.18317849 | Z87: 2.3799388 | AA87: 0.322 | AB87: =IFERROR(IF(A88=A87, Q87-X87, ""), "null")
A88: China, Hong Kong SAR | B88: =VLOOKUP(A88,Regions!A:B,2,0) -> East Asia & Pacific | C88: 2015 | D88: =IF(A89=A88,ABS(C89-C88),"") -> 5 | E88: =IFERROR(IF(A89=A88,((H88-H89)/(C88-C89)), ""), "null") -> 0 | F88: 7185.9922 | G88: 100 | H88: 100 | I88: =IFERROR(ROUND(H88,0),"null") -> 100 | J88: =IF(AND(A89=A88,I88=100,I89=100),"full access", " ") -> full access | K88: 0 | L88: 0 | M88: 0 | N88: null | O88: =IFERROR(ROUND(N88,0),"null") -> null | P88: =IF(AND(A88=A89,O88=100,O89=100),"full access"," ") | Q88: =IFERROR(IF(A89=A88,((N88-N89)/(C88-C89)),""),"null") -> null | R88: null | S88: null | T88: null | U88: 100 | V88: =IFERROR(ROUND(U88,0),"null") -> 100 | W88: =IF(AND(A88=A89,V88=100,V89=100),"full access","") -> full access | X88: =IFERROR(IF(A89=A88,((U88-U89)/(C88-C89)),""),"null") -> 0 | Y88: 0 | Z88: 0 | AA88: 0 | AB88: =IFERROR(IF(A89=A88, Q88-X88, ""), "null") -> null
A89: China, Hong Kong SAR | B89: =VLOOKUP(A89,Regions!A:B,2,0) -> East Asia & Pacific | C89: 2020 | D89: =IF(A90=A89,ABS(C90-C89),"") | E89: =IFERROR(IF(A90=A89,((H89-H90)/(C89-C90)), ""), "null") | F89: 7496.9878 | G89: 100 | H89: 100 | I89: =IFERROR(ROUND(H89,0),"null") -> 100 | J89: =IF(AND(A90=A89,I89=100,I90=100),"full access", " ") | K89: 0 | L89: 0 | M89: 0 | N89: null | O89: =IFERROR(ROUND(N89,0),"null") -> null | P89: =IF(AND(A89=A90,O89=100,O90=100),"full access"," ") | Q89: =IFERROR(IF(A90=A89,((N89-N90)/(C89-C90)),""),"null") | R89: null | S89: null | T89: null | U89: 100 | V89: =IFERROR(ROUND(U89,0),"null") -> 100 | W89: =IF(AND(A89=A90,V89=100,V90=100),"full access","") | X89: =IFERROR(IF(A90=A89,((U89-U90)/(C89-C90)),""),"null") | Y89: 0 | Z89: 0 | AA89: 0 | AB89: =IFERROR(IF(A90=A89, Q89-X89, ""), "null")
A90: China, Macao SAR | B90: =VLOOKUP(A90,Regions!A:B,2,0) -> East Asia & Pacific | C90: 2015 | D90: =IF(A91=A90,ABS(C91-C90),"") -> 5 | E90: =IFERROR(IF(A91=A90,((H90-H91)/(C90-C91)), ""), "null") -> 0 | F90: 602.09302 | G90: 100 | H90: 100 | I90: =IFERROR(ROUND(H90,0),"null") -> 100 | J90: =IF(AND(A91=A90,I90=100,I91=100),"full access", " ") -> full access | K90: 0 | L90: 0 | M90: 0 | N90: null | O90: =IFERROR(ROUND(N90,0),"null") -> null | P90: =IF(AND(A90=A91,O90=100,O91=100),"full access"," ") | Q90: =IFERROR(IF(A91=A90,((N90-N91)/(C90-C91)),""),"null") -> null | R90: null | S90: null | T90: null | U90: 100 | V90: =IFERROR(ROUND(U90,0),"null") -> 100 | W90: =IF(AND(A90=A91,V90=100,V91=100),"full access","") -> full access | X90: =IFERROR(IF(A91=A90,((U90-U91)/(C90-C91)),""),"null") -> 0 | Y90: 0 | Z90: 0 | AA90: 0 | AB90: =IFERROR(IF(A91=A90, Q90-X90, ""), "null") -> null
A91: China, Macao SAR | B91: =VLOOKUP(A91,Regions!A:B,2,0) -> East Asia & Pacific | C91: 2020 | D91: =IF(A92=A91,ABS(C92-C91),"") | E91: =IFERROR(IF(A92=A91,((H91-H92)/(C91-C92)), ""), "null") | F91: 649.34198 | G91: 100 | H91: 100 | I91: =IFERROR(ROUND(H91,0),"null") -> 100 | J91: =IF(AND(A92=A91,I91=100,I92=100),"full access", " ") | K91: 0 | L91: 0 | M91: 0 | N91: null | O91: =IFERROR(ROUND(N91,0),"null") -> null | P91: =IF(AND(A91=A92,O91=100,O92=100),"full access"," ") | Q91: =IFERROR(IF(A92=A91,((N91-N92)/(C91-C92)),""),"null") | R91: null | S91: null | T91: null | U91: 100 | V91: =IFERROR(ROUND(U91,0),"null") -> 100 | W91: =IF(AND(A91=A92,V91=100,V92=100),"full access","") | X91: =IFERROR(IF(A92=A91,((U91-U92)/(C91-C92)),""),"null") | Y91: 0 | Z91: 0 | AA91: 0 | AB91: =IFERROR(IF(A92=A91, Q91-X91, ""), "null")
A92: Colombia | B92: =VLOOKUP(A92,Regions!A:B,2,0) -> Latin America & Caribbean | C92: 2015 | D92: =IF(A93=A92,ABS(C93-C92),"") -> 5 | E92: =IFERROR(IF(A93=A92,((H92-H93)/(C92-C93)), ""), "null") -> 0.2311578 | F92: 47520.668 | G92: 79.764 | H92: 96.335868 | I92: =IFERROR(ROUND(H92,0),"null") -> 96 | J92: =IF(AND(A93=A92,I92=100,I93=100),"full access", " ") | K92: 0.18405199 | L92: 1.7034451 | M92: 1.7766348 | N92: 83.273726 | O92: =IFERROR(ROUND(N92,0),"null") -> 83 | P92: =IF(AND(A92=A93,O92=100,O93=100),"full access"," ") | Q92: =IFERROR(IF(A93=A92,((N92-N93)/(C92-C93)),""),"null") -> 0.69866939 | R92: 0.68766563 | S92: 7.2590324 | T92: 8.7795762 | U92: 99.649712 | V92: =IFERROR(ROUND(U92,0),"null") -> 100 | W92: =IF(AND(A92=A93,V92=100,V93=100),"full access","") -> full access | X92: =IFERROR(IF(A93=A92,((U92-U93)/(C92-C93)),""),"null") -> 0.057696086 | Y92: 0.05628603 | Z92: 0.2940016 | AA92: 0 | AB92: =IFERROR(IF(A93=A92, Q92-X92, ""), "null") -> 0.64097331
A93: Colombia | B93: =VLOOKUP(A93,Regions!A:B,2,0) -> Latin America & Caribbean | C93: 2020 | D93: =IF(A94=A93,ABS(C94-C93),"") | E93: =IFERROR(IF(A94=A93,((H93-H94)/(C93-C94)), ""), "null") | F93: 50882.883 | G93: 81.424995 | H93: 97.491657 | I93: =IFERROR(ROUND(H93,0),"null") -> 97 | J93: =IF(AND(A94=A93,I93=100,I94=100),"full access", " ") | K93: 0.18615216 | L93: 0.95361622 | M93: 1.3685745 | N93: 86.767073 | O93: =IFERROR(ROUND(N93,0),"null") -> 87 | P93: =IF(AND(A93=A94,O93=100,O94=100),"full access"," ") | Q93: =IFERROR(IF(A94=A93,((N93-N94)/(C93-C94)),""),"null") | R93: 0.7312282 | S93: 5.133869 | T93: 7.36783 | U93: 99.938193 | V93: =IFERROR(ROUND(U93,0),"null") -> 100 | W93: =IF(AND(A93=A94,V93=100,V94=100),"full access","") | X93: =IFERROR(IF(A94=A93,((U93-U94)/(C93-C94)),""),"null") | Y93: 0.0618072 | Z93: 0 | AA93: 0 | AB93: =IFERROR(IF(A94=A93, Q93-X93, ""), "null")
A94: Comoros | B94: =VLOOKUP(A94,Regions!A:B,2,0) -> Sub-Saharan Africa | C94: 2015 | D94: =IF(A95=A94,ABS(C95-C94),"") -> 4 | E94: =IFERROR(IF(A95=A94,((H94-H95)/(C94-C95)), ""), "null") -> 0.019624433 | F94: 777.435 | G94: 28.470001 | H94: 80.132 | I94: =IFERROR(ROUND(H94,0),"null") -> 80 | J94: =IF(AND(A95=A94,I94=100,I95=100),"full access", " ") | K94: 10.877265 | L94: 8.3951934 | M94: 0.59554149 | N94: 76.911723 | O94: =IFERROR(ROUND(N94,0),"null") -> 77 | P94: =IF(AND(A94=A95,O94=100,O95=100),"full access"," ") | Q94: =IFERROR(IF(A95=A94,((N94-N95)/(C94-C95)),""),"null") -> 0 | R94: 11.568647 | S94: 10.822454 | T94: 0.69717486 | U94: 88.222846 | V94: =IFERROR(ROUND(U94,0),"null") -> 88 | W94: =IF(AND(A94=A95,V94=100,V95=100),"full access","") | X94: =IFERROR(IF(A95=A94,((U94-U95)/(C94-C95)),""),"null") -> 0 | Y94: 9.1401885 | Z94: 2.2967751 | AA94: 0.3401908 | AB94: =IFERROR(IF(A95=A94, Q94-X94, ""), "null") -> 0
A95: Comoros | B95: =VLOOKUP(A95,Regions!A:B,2,0) -> Sub-Saharan Africa | C95: 2019 | D95: =IF(A96=A95,ABS(C96-C95),"") | E95: =IFERROR(IF(A96=A95,((H95-H96)/(C95-C96)), ""), "null") | F95: 850.89099 | G95: 29.164001 | H95: 80.210498 | I95: =IFERROR(ROUND(H95,0),"null") -> 80 | J95: =IF(AND(A96=A95,I95=100,I96=100),"full access", " ") | K95: 10.860411 | L95: 8.9290909 | M95: null | N95: 76.911723 | O95: =IFERROR(ROUND(N95,0),"null") -> 77 | P95: =IF(AND(A95=A96,O95=100,O96=100),"full access"," ") | Q95: =IFERROR(IF(A96=A95,((N95-N96)/(C95-C96)),""),"null") | R95: 11.568647 | S95: 11.519629 | T95: null | U95: 88.222846 | V95: =IFERROR(ROUND(U95,0),"null") -> 88 | W95: =IF(AND(A95=A96,V95=100,V96=100),"full access","") | X95: =IFERROR(IF(A96=A95,((U95-U96)/(C95-C96)),""),"null") | Y95: 9.1401885 | Z95: 2.2967751 | AA95: 0.3401908 | AB95: =IFERROR(IF(A96=A95, Q95-X95, ""), "null")
A96: Congo | B96: =VLOOKUP(A96,Regions!A:B,2,0) -> Sub-Saharan Africa | C96: 2015 | D96: =IF(A97=A96,ABS(C97-C96),"") -> 5 | E96: =IFERROR(IF(A97=A96,((H96-H97)/(C96-C97)), ""), "null") -> 0.52698596 | F96: 4856.0928 | G96: 65.542999 | H96: 71.149582 | I96: =IFERROR(ROUND(H96,0),"null") -> 71 | J96: =IF(AND(A97=A96,I96=100,I97=100),"full access", " ") | K96: 10.510526 | L96: 11.662046 | M96: 6.6778459 | N96: 41.391836 | O96: =IFERROR(ROUND(N96,0),"null") -> 41 | P96: =IF(AND(A96=A97,O96=100,O97=100),"full access"," ") | Q96: =IFERROR(IF(A97=A96,((N96-N97)/(C96-C97)),""),"null") -> 0.86651545 | R96: 10.739573 | S96: 28.501849 | T96: 19.366743 | U96: 86.793705 | V96: =IFERROR(ROUND(U96,0),"null") -> 87 | W96: =IF(AND(A96=A97,V96=100,V97=100),"full access","") | X96: =IFERROR(IF(A97=A96,((U96-U97)/(C96-C97)),""),"null") -> 0.0599182 | Y96: 10.390113 | Z96: 2.8090907 | AA96: 0.0070910959 | AB96: =IFERROR(IF(A97=A96, Q96-X96, ""), "null") -> 0.80659725
A97: Congo | B97: =VLOOKUP(A97,Regions!A:B,2,0) -> Sub-Saharan Africa | C97: 2020 | D97: =IF(A98=A97,ABS(C98-C97),"") | E97: =IFERROR(IF(A98=A97,((H97-H98)/(C97-C98)), ""), "null") | F97: 5518.0918 | G97: 67.829002 | H97: 73.784512 | I97: =IFERROR(ROUND(H97,0),"null") -> 74 | J97: =IF(AND(A98=A97,I97=100,I98=100),"full access", " ") | K97: 10.461172 | L97: 9.5591807 | M97: 6.1951357 | N97: 45.724413 | O97: =IFERROR(ROUND(N97,0),"null") -> 46 | P97: =IF(AND(A97=A98,O97=100,O98=100),"full access"," ") | Q97: =IFERROR(IF(A98=A97,((N97-N98)/(C97-C98)),""),"null") | R97: 10.63239 | S97: 24.40517 | T97: 19.238027 | U97: 87.093296 | V97: =IFERROR(ROUND(U97,0),"null") -> 87 | W97: =IF(AND(A97=A98,V97=100,V98=100),"full access","") | X97: =IFERROR(IF(A98=A97,((U97-U98)/(C97-C98)),""),"null") | Y97: 10.379964 | Z97: 2.51779 | AA97: 0.0089494521 | AB97: =IFERROR(IF(A98=A97, Q97-X97, ""), "null")
A98: Cook Islands | B98: =VLOOKUP(A98,Regions!A:B,2,0) -> East Asia & Pacific | C98: 2015 | D98: =IF(A99=A98,ABS(C99-C98),"") -> 5 | E98: =IFERROR(IF(A99=A98,((H98-H99)/(C98-C99)), ""), "null") -> 0.00358784 | F98: 17.580999 | G98: 74.403999 | H98: 99.953671 | I98: =IFERROR(ROUND(H98,0),"null") -> 100 | J98: =IF(AND(A99=A98,I98=100,I99=100),"full access", " ") -> full access | K98: 0 | L98: 0.046328976 | M98: 0 | N98: null | O98: =IFERROR(ROUND(N98,0),"null") -> null | P98: =IF(AND(A98=A99,O98=100,O99=100),"full access"," ") | Q98: =IFERROR(IF(A99=A98,((N98-N99)/(C98-C99)),""),"null") -> null | R98: null | S98: null | T98: null | U98: null | V98: =IFERROR(ROUND(U98,0),"null") -> null | W98: =IF(AND(A98=A99,V98=100,V99=100),"full access","") | X98: =IFERROR(IF(A99=A98,((U98-U99)/(C98-C99)),""),"null") -> null | Y98: null | Z98: null | AA98: null | AB98: =IFERROR(IF(A99=A98, Q98-X98, ""), "null") -> null
A99: Cook Islands | B99: =VLOOKUP(A99,Regions!A:B,2,0) -> East Asia & Pacific | C99: 2020 | D99: =IF(A100=A99,ABS(C100-C99),"") | E99: =IFERROR(IF(A100=A99,((H99-H100)/(C99-C100)), ""), "null") | F99: 17.563999 | G99: 75.495003 | H99: 99.97161 | I99: =IFERROR(ROUND(H99,0),"null") -> 100 | J99: =IF(AND(A100=A99,I99=100,I100=100),"full access", " ") | K99: 0 | L99: 0.028389783 | M99: 0 | N99: null | O99: =IFERROR(ROUND(N99,0),"null") -> null | P99: =IF(AND(A99=A100,O99=100,O100=100),"full access"," ") | Q99: =IFERROR(IF(A100=A99,((N99-N100)/(C99-C100)),""),"null") | R99: null | S99: null | T99: null | U99: null | V99: =IFERROR(ROUND(U99,0),"null") -> null | W99: =IF(AND(A99=A100,V99=100,V100=100),"full access","") | X99: =IFERROR(IF(A100=A99,((U99-U100)/(C99-C100)),""),"null") | Y99: null | Z99: null | AA99: null | AB99: =IFERROR(IF(A100=A99, Q99-X99, ""), "null")
A100: Costa Rica | B100: =VLOOKUP(A100,Regions!A:B,2,0) -> Latin America & Caribbean | C100: 2015 | D100: =IF(A101=A100,ABS(C101-C100),"") -> 5 | E100: =IFERROR(IF(A101=A100,((H100-H101)/(C100-C101)), ""), "null") -> 0.086370022 | F100: 4847.8052 | G100: 76.862 | H100: 99.378687 | I100: =IFERROR(ROUND(H100,0),"null") -> 99 | J100: =IF(AND(A101=A100,I100=100,I101=100),"full access", " ") | K100: 0.25413038 | L100: 0.21133502 | M100: 0.15584778 | N100: 98.186032 | O100: =IFERROR(ROUND(N100,0),"null") -> 98 | P100: =IF(AND(A100=A101,O100=100,O101=100),"full access"," ") | Q100: =IFERROR(IF(A101=A100,((N100-N101)/(C100-C101)),""),"null") -> 0.2920435 | R100: 0.41006115 | S100: 0.73034858 | T100: 0.67355778 | U100: 99.737715 | V100: =IFERROR(ROUND(U100,0),"null") -> 100 | W100: =IF(AND(A100=A101,V100=100,V101=100),"full access","") -> full access | X100: =IFERROR(IF(A101=A100,((U100-U101)/(C100-C101)),""),"null") -> 0.02238755 | Y100: 0.20719007 | Z100: 0.055094818 | AA100: 0 | AB100: =IFERROR(IF(A101=A100, Q100-X100, ""), "null") -> 0.26965595
A101: Costa Rica | B101: =VLOOKUP(A101,Regions!A:B,2,0) -> Latin America & Caribbean | C101: 2020 | D101: =IF(A102=A101,ABS(C102-C101),"") | E101: =IFERROR(IF(A102=A101,((H101-H102)/(C101-C102)), ""), "null") | F101: 5094.1138 | G101: 80.770996 | H101: 99.810537 | I101: =IFERROR(ROUND(H101,0),"null") -> 100 | J101: =IF(AND(A102=A101,I101=100,I102=100),"full access", " ") | K101: 0.18945947 | L101: 3.5944519e-06 | M101: 0 | N101: 99.64625 | O101: =IFERROR(ROUND(N101,0),"null") -> 100 | P101: =IF(AND(A101=A102,O101=100,O102=100),"full access"," ") | Q101: =IFERROR(IF(A102=A101,((N101-N102)/(C101-C102)),""),"null") | R101: 0.35375 | S101: 0 | T101: 0 | U101: 99.849653 | V101: =IFERROR(ROUND(U101,0),"null") -> 100 | W101: =IF(AND(A101=A102,V101=100,V102=100),"full access","") | X101: =IFERROR(IF(A102=A101,((U101-U102)/(C101-C102)),""),"null") | Y101: 0.15034714 | Z101: 0 | AA101: 0 | AB101: =IFERROR(IF(A102=A101, Q101-X101, ""), "null")
...

Sheet Summary Sheet
A1: 1a | B1: During which years was water access data recorded? | I1: 2a | J1: What is the minimum, maximum and average annual rate of change in water access for national, urban and rural populations? | T1: 3a | U1: How does the rate of change in water access vary across regions and population sizes?
B3: Year | C3: Count of records | J3: Feature | K3: Min | L3: Average | M3: Max | N3: Full Access | O3: ARC = 0 (-full access) | P3: ARC < 0 | Q3: ARC > 0 | R3: No Value | U3: Region | V3: No. of Countries | W3: Avg ARC_n | X3: Avg ARC_u | Y3: Avg ARC_r
B4: 2015 | C4: =COUNTIF('Estimates of the use of water ('!$C$2:$C$463,$B4) -> 231 | J4: Arc_n | K4: =MIN('Estimates of the use of water ('!E:E) -> -1.0217887 | L4: =AVERAGE('Estimates of the use of water ('!E:E) -> 0.27703545 | M4: =MAX('Estimates of the use of water ('!E:E) -> 2.7503265 | N4: =COUNTIF('Estimates of the use of water ('!J:J,"full access") -> 62 | O4: =COUNTIFS('Estimates of the use of water ('!E:E,0,'Estimates of the use of water ('!J:J,"<>full access") -> 16 | P4: =COUNTIFS('Estimates of the use of water ('!E:E,"<0",'Estimates of the use of water ('!J:J,"<>full access") -> 16 | Q4: =COUNTIFS('Estimates of the use of water ('!E:E,">0",'Estimates of the use of water ('!J:J,"<>full access") -> 135 | R4: =COUNTIF('Estimates of the use of water ('!E:E,"null") -> 2 | U4: Sub-Saharan Africa | V4: =COUNTIFS('Estimates of the use of water ('!B:B,"Sub-Saharan Africa",'Estimates of the use of water ('!D:D,"<>")/2 -> 53 | W4: =AVERAGEIF('Estimates of the use of water ('!B:B,"Sub-Saharan Africa",'Estimates of the use of water ('!E:E) -> 0.55953947 | X4: =AVERAGEIF('Estimates of the use of water ('!B:B,"Sub-Saharan Africa",'Estimates of the use of water ('!X:X) -> 0.27079472 | Y4: =AVERAGEIF('Estimates of the use of water ('!B:B,"Sub-Saharan Africa",'Estimates of the use of water ('!Q:Q) -> 0.60306315
B5: 2016 | C5: =COUNTIF('Estimates of the use of water ('!$C$2:$C$463,$B5) -> 3 | J5: Arc_u | K5: =MIN('Estimates of the use of water ('!X:X) -> -1.6200868 | L5: =AVERAGE('Estimates of the use of water ('!X:X) -> 0.15493928 | M5: =MAX('Estimates of the use of water ('!X:X) -> 2.6682119 | N5: =COUNTIF('Estimates of the use of water ('!W:W,"full access") -> 55 | O5: =COUNTIFS('Estimates of the use of water ('!X:X,0,'Estimates of the use of water ('!W:W,"<>full access") -> 7 | P5: =COUNTIFS('Estimates of the use of water ('!X:X,"<0",'Estimates of the use of water ('!W:W,"<>full access") -> 26 | Q5: =COUNTIFS('Estimates of the use of water ('!X:X,">0",'Estimates of the use of water ('!W:W,"<>full access") -> 93 | R5: =COUNTIF('Estimates of the use of water ('!X:X,"null") -> 50 | U5: South Asia | V5: =COUNTIFS('Estimates of the use of water ('!B:B,"South Asia",'Estimates of the use of water ('!D:D,"<>")/2 -> 11 | W5: =AVERAGEIF('Estimates of the use of water ('!B:B,"South Asia",'Estimates of the use of water ('!E:E) -> 0.4802304 | X5: =AVERAGEIF('Estimates of the use of water ('!B:B,"South Asia",'Estimates of the use of water ('!X:X) -> 0.26548867 | Y5: =AVERAGEIF('Estimates of the use of water ('!B:B,"South Asia",'Estimates of the use of water ('!Q:Q) -> 0.55914463
B6: 2017 | C6: =COUNTIF('Estimates of the use of water ('!$C$2:$C$463,$B6) -> 9 | J6: Arc_r | K6: =MIN('Estimates of the use of water ('!Q:Q) -> -1.227381 | L6: =AVERAGE('Estimates of the use of water ('!Q:Q) -> 0.48415546 | M6: =MAX('Estimates of the use of water ('!Q:Q) -> 2.6678826 | N6: =COUNTIF('Estimates of the use of water ('!P:P,"full access") -> 29 | O6: =COUNTIFS('Estimates of the use of water ('!Q:Q,0,'Estimates of the use of water ('!P:P,"<>full access") -> 5 | P6: =COUNTIFS('Estimates of the use of water ('!Q:Q,"<0",'Estimates of the use of water ('!P:P,"<>full access") -> 17 | Q6: =COUNTIFS('Estimates of the use of water ('!Q:Q,">0",'Estimates of the use of water ('!P:P,"<>full access") -> 116 | R6: =COUNTIF('Estimates of the use of water ('!Q:Q,"null") -> 64 | U6: East Asia & Pacific | V6: =COUNTIFS('Estimates of the use of water ('!B:B,"East Asia & Pacific",'Estimates of the use of water ('!D:D,"<>")/2 -> 40 | W6: =AVERAGEIF('Estimates of the use of water ('!B:B,"East Asia & Pacific",'Estimates of the use of water ('!E:E) -> 0.2784349 | X6: =AVERAGEIF('Estimates of the use of water ('!B:B,"East Asia & Pacific",'Estimates of the use of water ('!X:X) -> 0.23295792 | Y6: =AVERAGEIF('Estimates of the use of water ('!B:B,"East Asia & Pacific",'Estimates of the use of water ('!Q:Q) -> 0.5077948
B7: 2018 | C7: =COUNTIF('Estimates of the use of water ('!$C$2:$C$463,$B7) -> 2 | U7: Europe & Central Asia | V7: =COUNTIFS('Estimates of the use of water ('!B:B,"Europe & Central Asia",'Estimates of the use of water ('!D:D,"<>")/2 -> 64 | W7: =AVERAGEIF('Estimates of the use of water ('!B:B,"Europe & Central Asia",'Estimates of the use of water ('!E:E) -> 0.11168578 | X7: =AVERAGEIF('Estimates of the use of water ('!B:B,"Europe & Central Asia",'Estimates of the use of water ('!X:X) -> 0.046995216 | Y7: =AVERAGEIF('Estimates of the use of water ('!B:B,"Europe & Central Asia",'Estimates of the use of water ('!Q:Q) -> 0.22440971
B8: 2019 | C8: =COUNTIF('Estimates of the use of water ('!$C$2:$C$463,$B8) -> 4 | U8: Latin America & Caribbean | V8: =COUNTIFS('Estimates of the use of water ('!B:B,"Latin America & Caribbean",'Estimates of the use of water ('!D:D,"<>")/2 -> 48 | W8: =AVERAGEIF('Estimates of the use of water ('!B:B,"Latin America & Caribbean",'Estimates of the use of water ('!E:E) -> 0.14442485 | X8: =AVERAGEIF('Estimates of the use of water ('!B:B,"Latin America & Caribbean",'Estimates of the use of water ('!X:X) -> 0.071521594 | Y8: =AVERAGEIF('Estimates of the use of water ('!B:B,"Latin America & Caribbean",'Estimates of the use of water ('!Q:Q) -> 0.6803145
B9: 2020 | C9: =COUNTIF('Estimates of the use of water ('!$C$2:$C$463,$B9) -> 213 | U9: Middle East & North Africa | V9: =COUNTIFS('Estimates of the use of water ('!B:B,"Middle East & North Africa",'Estimates of the use of water ('!D:D,"<>")/2 -> 10 | W9: =AVERAGEIF('Estimates of the use of water ('!B:B,"Middle East & North Africa",'Estimates of the use of water ('!E:E) -> 0.34556302 | X9: =AVERAGEIF('Estimates of the use of water ('!B:B,"Middle East & North Africa",'Estimates of the use of water ('!X:X) -> 0.12397804 | Y9: =AVERAGEIF('Estimates of the use of water ('!B:B,"Middle East & North Africa",'Estimates of the use of water ('!Q:Q) -> 0.73698723
B10: Total | C10: =SUM(C4:C9) -> 462 | I10: 2b | J10: How does the annual rate of change in water access differ between rural and urban populations? | U10: North America | V10: =COUNTIFS('Estimates of the use of water ('!B:B,"North America",'Estimates of the use of water ('!D:D,"<>")/2 -> 5 | W10: =AVERAGEIF('Estimates of the use of water ('!B:B,"North America",'Estimates of the use of water ('!E:E) -> 0.017158396 | X10: =AVERAGEIF('Estimates of the use of water ('!B:B,"North America",'Estimates of the use of water ('!X:X) -> 0.0020331735 | Y10: =AVERAGEIF('Estimates of the use of water ('!B:B,"North America",'Estimates of the use of water ('!Q:Q) -> 0.14233131
K13: Bin | L13: Lower | M13: Upper | N13: Count of countries | T13: 3b | U13: How do national and rural rates of change compare across regions and population sizes?
K14: -3.0 to -2.5 | L14: -3 | M14: -2.5 | N14: =COUNTIFS('Estimates of the use of water ('!$AB:$AB,">="&L14,'Estimates of the use of water ('!$AB:$AB,"<"&M14) -> 0
K15: -2.5 to -2.0 | L15: -2.5 | M15: -2 | N15: =COUNTIFS('Estimates of the use of water ('!$AB:$AB,">="&L15,'Estimates of the use of water ('!$AB:$AB,"<"&M15) -> 1
K16: -2.0 to -1.5 | L16: -2 | M16: -1.5 | N16: =COUNTIFS('Estimates of the use of water ('!$AB:$AB,">="&L16,'Estimates of the use of water ('!$AB:$AB,"<"&M16) -> 0
K17: -1.5 to -1.0 | L17: -1.5 | M17: -1 | N17: =COUNTIFS('Estimates of the use of water ('!$AB:$AB,">="&L17,'Estimates of the use of water ('!$AB:$AB,"<"&M17) -> 1
K18: -1.0 to -0.5 | L18: -1 | M18: -0.5 | N18: =COUNTIFS('Estimates of the use of water ('!$AB:$AB,">="&L18,'Estimates of the use of water ('!$AB:$AB,"<"&M18) -> 4
K19: -0.5 to 0.0 | L19: -0.5 | M19: 0 | N19: =COUNTIFS('Estimates of the use of water ('!$AB:$AB,">="&L19,'Estimates of the use of water ('!$AB:$AB,"<"&M19) -> 17
K20: 0.0 to 0.5 | L20: 0 | M20: 0.5 | N20: =COUNTIFS('Estimates of the use of water ('!$AB:$AB,">="&L20,'Estimates of the use of water ('!$AB:$AB,"<"&M20) -> 89
K21: 0.5 to 1.0 | L21: 0.5 | M21: 1 | N21: =COUNTIFS('Estimates of the use of water ('!$AB:$AB,">="&L21,'Estimates of the use of water ('!$AB:$AB,"<"&M21) -> 35
K22: 1.0 to 1.5 | L22: 1 | M22: 1.5 | N22: =COUNTIFS('Estimates of the use of water ('!$AB:$AB,">="&L22,'Estimates of the use of water ('!$AB:$AB,"<"&M22) -> 14
K23: 1.5 to 2.0 | L23: 1.5 | M23: 2 | N23: =COUNTIFS('Estimates of the use of water ('!$AB:$AB,">="&L23,'Estimates of the use of water ('!$AB:$AB,"<"&M23) -> 3
A24: 1b | B24: What is the average number of years between data collections per country? | K24: 2.0 to 2.5 | L24: 2 | M24: 2.5 | N24: =COUNTIFS('Estimates of the use of water ('!$AB:$AB,">="&L24,'Estimates of the use of water ('!$AB:$AB,"<"&M24) -> 1
K25: 2.5 to 3.0 | L25: 2.5 | M25: 3 | N25: =COUNTIFS('Estimates of the use of water ('!$AB:$AB,">="&L25,'Estimates of the use of water ('!$AB:$AB,"<"&M25) -> 0
B26: Average year dif | C26: Minimum Year diff | D26: Maximum year diff | K26: Total | N26: =SUM(N14:N25) -> 165
B27: =ROUND(AVERAGE('Estimates of the use of water ('!D:D),2) -> 4.8 | C27: =MIN('Estimates of the use of water ('!D:D) -> 1 | D27: =MAX('Estimates of the use of water ('!D:D) -> 5

Sheet Regions
A1: All countries + Regions | H1: Sub-Saharan Africa | M1: South Asia | R1: East Asia & Pacific | W1: Europe & Central Asia | AB1: Latin America & Caribbean | AG1: Middle East & North Africa | AL1: North America
A2: name | B2: region | C2: Arc n | D2: pop n | E2: Arc r | H2: country | I2: ARC_n | J2: ARC_r | K2: pop_n | M2: country | N2: ARC_n | O2: ARC_r | P2: pop_n | R2: country | S2: ARC_n | T2: ARC_r | U2: pop_n | W2: country | X2: ARC_n | Y2: ARC_r | Z2: pop_n | AB2: country | AC2: ARC_n | AD2: ARC_r | AE2: pop_n | AG2: country | AH2: ARC_n | AI2: ARC_r | AJ2: pop_n | AL2: country | AM2: ARC_n | AN2: ARC_r | AO2: pop_n
A3: Afghanistan | B3: South Asia | C3: =VLOOKUP($A3,'Estimates of the use of water ('!$A:$Q,5,FALSE) -> 2.7503265 | D3: =VLOOKUP($A3,'Estimates of the use of water ('!$A:$Q,6,FALSE) -> 34413.602 | E3: =VLOOKUP($A3,'Estimates of the use of water ('!$A:$Q,17,FALSE) -> 2.6678826 | H3: Angola | I3: 0.57016185 | J3: 0.21877144 | K3: 27884.381 | M3: Afghanistan | N3: 2.7503265 | O3: 2.6678826 | P3: 34413.602 | R3: Australia | S3: -3.877e-05 | T3: 0 | U3: 23932.498 | W3: Albania | X3: 0.3347427 | Y3: 0.69281669 | Z3: 2890.5239 | AB3: Belize | AC3: 0.24527193 | AD3: 0.4682751 | AE3: 360.92599 | AG3: Algeria | AH3: 0.20555369 | AI3: 0.33696621 | AJ3: 39728.02 | AL3: Canada | AM3: -0.001482146 | AN3: 0.048860164 | AO3: 36026.668
A4: Albania | B4: Europe & Central Asia | C4: =VLOOKUP($A4,'Estimates of the use of water ('!$A:$Q,5,FALSE) -> 0.3347427 | D4: =VLOOKUP($A4,'Estimates of the use of water ('!$A:$Q,6,FALSE) -> 2890.5239 | E4: =VLOOKUP($A4,'Estimates of the use of water ('!$A:$Q,17,FALSE) -> 0.69281669 | H4: Benin | I4: 0.12546014 | J4: 0.2535831 | K4: 10575.962 | M4: Bangladesh | N4: 0.11927156 | O4: 0.2214453 | P4: 156256.28 | R4: Cambodia | S4: 0.5552072 | T4: 0.47120783 | U4: 15521.435 | W4: Andorra | X4: 1.23e-06 | Y4: 0 | Z4: 77.992996 | AB4: Bolivia (Plurinational State of) | AC4: 0.58558612 | AD4: 1.2392925 | AE4: 10869.732 | AG4: Egypt | AH4: 0.066691684 | AI4: 0.10619145 | AJ4: 92442.547 | AL4: Greenland | AM4: 3.4e-07 | AN4: 0 | AO4: 56.377998
A5: Algeria | B5: Middle East & North Africa | C5: =VLOOKUP($A5,'Estimates of the use of water ('!$A:$Q,5,FALSE) -> 0.20555369 | D5: =VLOOKUP($A5,'Estimates of the use of water ('!$A:$Q,6,FALSE) -> 39728.02 | E5: =VLOOKUP($A5,'Estimates of the use of water ('!$A:$Q,17,FALSE) -> 0.33696621 | H5: Botswana | I5: 0.75345471 | J5: 1.430238 | K5: 2120.7161 | M5: Bhutan | N5: 0.21836001 | O5: 0.31336614 | P5: 727.88501 | R5: China | S5: 0.49969387 | T5: 1.0364091 | U5: 1430405.4 | W5: Armenia | X5: 0.083722798 | Y5: 0.18904415 | Z5: 2925.5591 | AB5: Brazil | AC5: 0.30345708 | AD5: 1.4378463 | AE5: 204471.77 | AG5: Iraq | AH5: 0.82246199 | AI5: 2.0136873 | AJ5: 35572.27 | AL5: United States of America | AM5: 0.087273784 | AN5: 0.37813377 | AO5: 320878.31
A6: American Samoa | B6: East Asia & Pacific | C6: =VLOOKUP($A6,'Estimates of the use of water ('!$A:$Q,5,FALSE) -> 0.030933702 | D6: =VLOOKUP($A6,'Estimates of the use of water ('!$A:$Q,6,FALSE) -> 55.806 | E6: =VLOOKUP($A6,'Estimates of the use of water ('!$A:$Q,17,FALSE) -> null | H6: Burkina Faso | I6: -0.58445533 | J6: -1.227381 | K6: 18110.615 | M6: India | N6: 0.47027848 | O6: 0.64210056 | P6: 1310152.4 | R6: Democratic People's Republic of Korea | S6: -0.27420774 | T6: -0.57266871 | U6: 25183.832 | W6: Austria | X6: 0 | Y6: 0 | Z6: 8678.667 | AB6: Chile | AC6: 0.0987012 | AD6: 0.5864603 | AE6: 17969.355 | AG6: Jordan | AH6: -0.01329639 | AI6: -0.01016734 | AJ6: 9266.5732
A7: Andorra | B7: Europe & Central Asia | C7: =VLOOKUP($A7,'Estimates of the use of water ('!$A:$Q,5,FALSE) -> 1.23e-06 | D7: =VLOOKUP($A7,'Estimates of the use of water ('!$A:$Q,6,FALSE) -> 77.992996 | E7: =VLOOKUP($A7,'Estimates of the use of water ('!$A:$Q,17,FALSE) -> 0 | H7: Burundi | I7: 0.5251306 | J7: 0.42549967 | K7: 10160.034 | M7: Iran (Islamic Republic of) | N7: 0.13512985 | O7: 0.33324655 | P7: 78492.211 | R7: Fiji | S7: 0.007701314 | T7: -0.058100668 | U7: 868.63202 | W7: Azerbaijan | X7: 0.72461243 | Y7: 1.3565169 | Z7: 9622.7412 | AB7: Colombia | AC7: 0.2311578 | AD7: 0.69866939 | AE7: 47520.668 | AG7: Morocco | AH7: 1.3302424 | AI7: 2.63472 | AJ7: 34663.609
A8: Angola | B8: Sub-Saharan Africa | C8: =VLOOKUP($A8,'Estimates of the use of water ('!$A:$Q,5,FALSE) -> 0.57016185 | D8: =VLOOKUP($A8,'Estimates of the use of water ('!$A:$Q,6,FALSE) -> 27884.381 | E8: =VLOOKUP($A8,'Estimates of the use of water ('!$A:$Q,17,FALSE) -> 0.21877144 | H8: Cabo Verde | I8: 0.66525281 | J8: 1.4564423 | K8: 524.73999 | M8: Malaysia | N8: 0.009540902 | O8: -0.14417222 | P8: 30270.965 | R8: Indonesia | S8: 0.77759933 | T8: 1.0074342 | U8: 258383.25 | W8: Belarus | X8: 0.011531798 | Y8: 0.046690142 | Z8: 9439.4238 | AB8: Costa Rica | AC8: 0.086370022 | AD8: 0.2920435 | AE8: 4847.8052 | AG8: Oman | AH8: 0.38590781 | AI8: 0.37677429 | AJ8: 4267.3408
A9: Anguilla | B9: Latin America & Caribbean | C9: =VLOOKUP($A9,'Estimates of the use of water ('!$A:$Q,5,FALSE) -> 0 | D9: =VLOOKUP($A9,'Estimates of the use of water ('!$A:$Q,6,FALSE) -> 14.279 | E9: =VLOOKUP($A9,'Estimates of the use of water ('!$A:$Q,17,FALSE) -> null | H9: Cameroon | I9: 0.34928561 | J9: 0.30438238 | K9: 23298.377 | M9: Maldives | N9: 0.14603886 | O9: 0.20786265 | P9: 454.914 | R9: Kiribati | S9: 0.82456485 | T9: 0.61438646 | U9: 110.927 | W9: Belgium | X9: -2.5e-07 | Y9: 0 | Z9: 11287.931 | AB9: Cuba | AC9: 0.22617994 | AD9: 0.7883181 | AE9: 11324.777 | AG9: Sudan | AH9: 0.29968446 | AI9: 0.29831787 | AJ9: 38902.949
A10: Antigua and Barbuda | B10: Latin America & Caribbean | C10: =VLOOKUP($A10,'Estimates of the use of water ('!$A:$Q,5,FALSE) -> 0 | D10: =VLOOKUP($A10,'Estimates of the use of water ('!$A:$Q,6,FALSE) -> 93.570999 | E10: =VLOOKUP($A10,'Estimates of the use of water ('!$A:$Q,17,FALSE) -> null | H10: Central African Republic | I10: -1.0217887 | J10: -0.75696273 | K10: 4493.1709 | M10: Nepal | N10: 0.45321484 | O10: 0.5922584 | P10: 27015.033 | R10: Lao People's Democratic Republic | S10: 1.5518342 | T10: 1.6466546 | U10: 6741.1602 | W10: Bosnia and Herzegovina | X10: -0.009189312 | Y10: 0 | Z10: 3429.3621 | AB10: Dominican Republic | AC10: 0.11749468 | AD10: 0.21868412 | AE10: 10281.675 | AG10: Syrian Arab Republic | AH10: 0.08324914 | AI10: 0.13940798 | AJ10: 17997.41
A11: Argentina | B11: Latin America & Caribbean | C11: =VLOOKUP($A11,'Estimates of the use of water ('!$A:$Q,5,FALSE) -> null | D11: =VLOOKUP($A11,'Estimates of the use of water ('!$A:$Q,6,FALSE) -> 43075.414 | E11: =VLOOKUP($A11,'Estimates of the use of water ('!$A:$Q,17,FALSE) -> null | H11: Chad | I11: 0.35768756 | J11: 0.3992629 | K11: 14110.971 | M11: Pakistan | N11: 0.13879655 | O11: 0.2897808 | P11: 199426.95 | R11: Marshall Islands | S11: 0.045904672 | T11: 0.030272 | U11: 57.444 | W11: Bulgaria | X11: -0.036982074 | Y11: -0.12297047 | Z11: 7199.7388 | AB11: Ecuador | AC11: 0.45919681 | AD11: 0.8996526 | AE11: 16212.022
A12: Armenia | B12: Europe & Central Asia | C12: =VLOOKUP($A12,'Estimates of the use of water ('!$A:$Q,5,FALSE) -> 0.083722798 | D12: =VLOOKUP($A12,'Estimates of the use of water ('!$A:$Q,6,FALSE) -> 2925.5591 | E12: =VLOOKUP($A12,'Estimates of the use of water ('!$A:$Q,17,FALSE) -> 0.18904415 | H12: Comoros | I12: 0.019624433 | J12: 0 | K12: 777.435 | M12: Philippines | N12: 0.41826671 | O12: 0.57075418 | P12: 102113.2 | R12: Mongolia | S12: 0.93652264 | T12: 1.7953726 | U12: 2998.4331 | W12: Cyprus | X12: -0.004668878 | Y12: -0.003084764 | Z12: 1160.9871 | AB12: El Salvador | AC12: 0.47688753 | AD12: 1.0986362 | AE12: 6325.1211
A13: Aruba | B13: Latin America & Caribbean | C13: =VLOOKUP($A13,'Estimates of the use of water ('!$A:$Q,5,FALSE) -> 0 | D13: =VLOOKUP($A13,'Estimates of the use of water ('!$A:$Q,6,FALSE) -> 104.339 | E13: =VLOOKUP($A13,'Estimates of the use of water ('!$A:$Q,17,FALSE) -> null | H13: Congo | I13: 0.52698596 | J13: 0.86651545 | K13: 4856.0928 | M13: Sri Lanka | N13: 0.42331016 | O13: 0.45606591 | P13: 20908.023 | R13: Myanmar | S13: 2.0261443 | T13: 2.2345902 | U13: 52680.723 | W13: Czech Republic | X13: 9.9796e-05 | Y13: 0 | Z13: 10601.39 | AB13: Falkland Islands (Malvinas) | AC13: 0.097784148 | AD13: 0 | AE13: 2.836
A14: Australia | B14: East Asia & Pacific | C14: =VLOOKUP($A14,'Estimates of the use of water ('!$A:$Q,5,FALSE) -> -3.877e-05 | D14: =VLOOKUP($A14,'Estimates of the use of water ('!$A:$Q,6,FALSE) -> 23932.498 | E14: =VLOOKUP($A14,'Estimates of the use of water ('!$A:$Q,17,FALSE) -> 0 | H14: Côte d'Ivoire | I14: -0.033339302 | J14: -0.024144972 | K14: 23226.148 | R14: New Zealand | S14: 7.9e-07 | T14: 0 | U14: 4614.5269 | W14: Denmark | X14: 6.5e-07 | Y14: 0 | Z14: 5688.6948 | AB14: Guatemala | AC14: 0.37447888 | AD14: 0.57531472 | AE14: 16252.425
A15: Austria | B15: Europe & Central Asia | C15: =VLOOKUP($A15,'Estimates of the use of water ('!$A:$Q,5,FALSE) -> 0 | D15: =VLOOKUP($A15,'Estimates of the use of water ('!$A:$Q,6,FALSE) -> 8678.667 | E15: =VLOOKUP($A15,'Estimates of the use of water ('!$A:$Q,17,FALSE) -> 0 | H15: Democratic Republic of the Congo | I15: 0.6467894 | J15: 0.27205571 | K15: 76244.531 | R15: Palau | S15: 0.00547893 | T15: 0.02862271 | U15: 17.665001 | W15: Finland | X15: 1.328e-06 | Y15: 0 | Z15: 5481.1279 | AB15: Guyana | AC15: 0.07858998 | AD15: 0.10114416 | AE15: 767.43298
A16: Azerbaijan | B16: Europe & Central Asia | C16: =VLOOKUP($A16,'Estimates of the use of water ('!$A:$Q,5,FALSE) -> 0.72461243 | D16: =VLOOKUP($A16,'Estimates of the use of water ('!$A:$Q,6,FALSE) -> 9622.7412 | E16: =VLOOKUP($A16,'Estimates of the use of water ('!$A:$Q,17,FALSE) -> 1.3565169 | H16: Djibouti | I16: 0.052575036 | J16: -0.29569443 | K16: 913.99799 | R16: Papua New Guinea | S16: 0.77170182 | T16: 0.81614213 | U16: 8107.772 | W16: France | X16: -3e-07 | Y16: 0 | Z16: 64453.195 | AB16: Honduras | AC16: 0.48696208 | AD16: 0.68774516 | AE16: 9112.9043
A17: Bahamas | B17: Latin America & Caribbean | C17: =VLOOKUP($A17,'Estimates of the use of water ('!$A:$Q,5,FALSE) -> 0 | D17: =VLOOKUP($A17,'Estimates of the use of water ('!$A:$Q,6,FALSE) -> 374.20001 | E17: =VLOOKUP($A17,'Estimates of the use of water ('!$A:$Q,17,FALSE) -> null | H17: Equatorial Guinea | I17: 0.2436072 | J17: 0 | K17: 1168.575 | R17: Samoa | S17: 0.10326544 | T17: 0.078781444 | U17: 193.50999 | W17: Georgia | X17: 0.31868204 | Y17: 0.59534672 | Z17: 4024.1799 | AB17: Jamaica | AC17: 0.12262964 | AD17: 0.17984045 | AE17: 2891.0239
A18: Bahrain | B18: Europe & Central Asia | C18: =VLOOKUP($A18,'Estimates of the use of water ('!$A:$Q,5,FALSE) -> 0 | D18: =VLOOKUP($A18,'Estimates of the use of water ('!$A:$Q,6,FALSE) -> 1371.853 | E18: =VLOOKUP($A18,'Estimates of the use of water ('!$A:$Q,17,FALSE) -> null | H18: Eritrea | I18: 0.38462665 | J18: 0 | K18: 3342.8181 | R18: Solomon Islands | S18: -0.40577867 | T18: -0.72137414 | U18: 603.133 | W18: Germany | X18: -1.9999999e-08 | Y18: 0 | Z18: 81787.414 | AB18: Mexico | AC18: 0.33082495 | AD18: 1.010075 | AE18: 121858.25
A19: Bangladesh | B19: South Asia | C19: =VLOOKUP($A19,'Estimates of the use of water ('!$A:$Q,5,FALSE) -> 0.11927156 | D19: =VLOOKUP($A19,'Estimates of the use of water ('!$A:$Q,6,FALSE) -> 156256.28 | E19: =VLOOKUP($A19,'Estimates of the use of water ('!$A:$Q,17,FALSE) -> 0.2214453 | H19: Eswatini | I19: 0.80982315 | J19: 0.86829277 | K19: 1104.038 | R19: Thailand | S19: 0.14816588 | T19: 0.22409666 | U19: 68714.516 | W19: Greece | X19: -4.6e-07 | Y19: 0 | Z19: 10659.737 | AB19: Nicaragua | AC19: 0.071125052 | AD19: -0.079442242 | AE19: 6223.2339
A20: Barbados | B20: Latin America & Caribbean | C20: =VLOOKUP($A20,'Estimates of the use of water ('!$A:$Q,5,FALSE) -> 0.008001136 | D20: =VLOOKUP($A20,'Estimates of the use of water ('!$A:$Q,6,FALSE) -> 285.327 | E20: =VLOOKUP($A20,'Estimates of the use of water ('!$A:$Q,17,FALSE) -> null | H20: Ethiopia | I20: 1.5091011 | J20: 1.5156744 | K20: 100835.45 | R20: Timor-Leste | S20: 2.0490995 | T20: 2.3056812 | U20: 1196.2939 | W20: Hungary | X20: 0.005893702 | Y20: 0.019982056 | Z20: 9777.9248 | AB20: Panama | AC20: 0.29363575 | AD20: 0.52870075 | AE20: 3968.49
A21: Belarus | B21: Europe & Central Asia | C21: =VLOOKUP($A21,'Estimates of the use of water ('!$A:$Q,5,FALSE) -> 0.011531798 | D21: =VLOOKUP($A21,'Estimates of the use of water ('!$A:$Q,6,FALSE) -> 9439.4238 | E21: =VLOOKUP($A21,'Estimates of the use of water ('!$A:$Q,17,FALSE) -> 0.046690142 | H21: Gabon | I21: 0.29668881 | J21: 0.27117117 | K21: 1947.6899 | R21: Tokelau | S21: 0.05005613 | T21: 0.05005613 | U21: 1.247 | W21: Iceland | X21: -1.018e-06 | Y21: 0 | Z21: 330.237 | AB21: Paraguay | AC21: 0.55145036 | AD21: 1.1533054 | AE21: 6688.7461
A22: Belgium | B22: Europe & Central Asia | C22: =VLOOKUP($A22,'Estimates of the use of water ('!$A:$Q,5,FALSE) -> -2.5e-07 | D22: =VLOOKUP($A22,'Estimates of the use of water ('!$A:$Q,6,FALSE) -> 11287.931 | E22: =VLOOKUP($A22,'Estimates of the use of water ('!$A:$Q,17,FALSE) -> 0 | H22: Gambia | I22: 0.34604813 | J22: 0.18672613 | K22: 2085.8601 | R22: Tonga | S22: 0.036275096 | T22: 0.015006062 | U22: 100.78 | W22: Ireland | X22: 0.005515704 | Y22: 0.023620912 | Z22: 4652.4199 | AB22: Peru | AC22: 0.57147263 | AD22: 1.5023629 | AE22: 30470.738
A23: Belize | B23: Latin America & Caribbean | C23: =VLOOKUP($A23,'Estimates of the use of water ('!$A:$Q,5,FALSE) -> 0.24527193 | D23: =VLOOKUP($A23,'Estimates of the use of water ('!$A:$Q,6,FALSE) -> 360.92599 | E23: =VLOOKUP($A23,'Estimates of the use of water ('!$A:$Q,17,FALSE) -> 0.4682751 | H23: Ghana | I23: 1.1266071 | J23: 0.93688906 | K23: 27849.203 | R23: Tuvalu | S23: 0 | T23: 0 | U23: 11.099 | W23: Israel | X23: -3e-07 | Y23: 0 | Z23: 7978.4961 | AB23: Saint Lucia | AC23: 0.26395006 | AD23: 0.30035252 | AE23: 179.131
A24: Benin | B24: Sub-Saharan Africa | C24: =VLOOKUP($A24,'Estimates of the use of water ('!$A:$Q,5,FALSE) -> 0.12546014 | D24: =VLOOKUP($A24,'Estimates of the use of water ('!$A:$Q,6,FALSE) -> 10575.962 | E24: =VLOOKUP($A24,'Estimates of the use of water ('!$A:$Q,17,FALSE) -> 0.2535831 | H24: Guinea | I24: 0.06927984 | J24: -0.24019527 | K24: 11432.096 | R24: Vanuatu | S24: 0.24860285 | T24: 0.28383011 | U24: 271.12799 | W24: Kazakhstan | X24: 0.081927182 | Y24: 0.2383509 | Z24: 17572.01 | AB24: Suriname | AC24: 0.4483879 | AD24: 1.1989593 | AE24: 559.13599
A25: Bermuda | B25: North America | C25: =VLOOKUP($A25,'Estimates of the use of water ('!$A:$Q,5,FALSE) -> 0 | D25: =VLOOKUP($A25,'Estimates of the use of water ('!$A:$Q,6,FALSE) -> 63.695 | E25: =VLOOKUP($A25,'Estimates of the use of water ('!$A:$Q,17,FALSE) -> null | H25: Guinea-Bissau | I25: 0.050512918 | J25: 0.28183505 | K25: 1737.207 | R25: Viet Nam | S25: 0.71125926 | T25: 0.93629409 | U25: 92677.078 | W25: Kyrgyzstan | X25: 0.65150879 | Y25: 0.83064227 | Z25: 5959.126 | AB25: Uruguay | AC25: 0.072872 | AD25: 0.76099723 | AE25: 3412.0129
A26: Bhutan | B26: South Asia | C26: =VLOOKUP($A26,'Estimates of the use of water ('!$A:$Q,5,FALSE) -> 0.21836001 | D26: =VLOOKUP($A26,'Estimates of the use of water ('!$A:$Q,6,FALSE) -> 727.88501 | E26: =VLOOKUP($A26,'Estimates of the use of water ('!$A:$Q,17,FALSE) -> 0.31336614 | H26: Haiti | I26: 0.42556449 | J26: 0.08585641 | K26: 10695.54 | R26: Wallis and Futuna Islands | S26: -0.035618834 | T26: -0.035618834 | U26: 12.262 | W26: Latvia | X26: 0.051496774 | Y26: 0.14490083 | Z26: 1997.675
A27: Bolivia (Plurinational State of) | B27: Latin America & Caribbean | C27: =VLOOKUP($A27,'Estimates of the use of water ('!$A:$Q,5,FALSE) -> 0.58558612 | D27: =VLOOKUP($A27,'Estimates of the use of water ('!$A:$Q,6,FALSE) -> 10869.732 | E27: =VLOOKUP($A27,'Estimates of the use of water ('!$A:$Q,17,FALSE) -> 1.2392925 | H27: Kenya | I27: 0.68719272 | J27: 0.7015634 | K27: 47878.34 | W27: Lithuania | X27: 0.28184173 | Y27: 0.61285916 | Z27: 2931.8721
A28: Bosnia and Herzegovina | B28: Europe & Central Asia | C28: =VLOOKUP($A28,'Estimates of the use of water ('!$A:$Q,5,FALSE) -> -0.009189312 | D28: =VLOOKUP($A28,'Estimates of the use of water ('!$A:$Q,6,FALSE) -> 3429.3621 | E28: =VLOOKUP($A28,'Estimates of the use of water ('!$A:$Q,17,FALSE) -> 0 | H28: Lesotho | I28: 0.32606997 | J28: 0.045894334 | K28: 2059.011 | W28: Luxembourg | X28: -0.009047624 | Y28: -0.12857143 | Z28: 566.74103
A29: Botswana | B29: Sub-Saharan Africa | C29: =VLOOKUP($A29,'Estimates of the use of water ('!$A:$Q,5,FALSE) -> 0.75345471 | D29: =VLOOKUP($A29,'Estimates of the use of water ('!$A:$Q,6,FALSE) -> 2120.7161 | E29: =VLOOKUP($A29,'Estimates of the use of water ('!$A:$Q,17,FALSE) -> 1.430238 | H29: Liberia | I29: 0.53839993 | J29: 0.56740699 | K29: 4472.229 | W29: Malta | X29: 8.0000001e-08 | Y29: 0 | Z29: 433.55899
A30: Brazil | B30: Latin America & Caribbean | C30: =VLOOKUP($A30,'Estimates of the use of water ('!$A:$Q,5,FALSE) -> 0.30345708 | D30: =VLOOKUP($A30,'Estimates of the use of water ('!$A:$Q,6,FALSE) -> 204471.77 | E30: =VLOOKUP($A30,'Estimates of the use of water ('!$A:$Q,17,FALSE) -> 1.4378463 | H30: Madagascar | I30: 0.89882227 | J30: 0.65236851 | K30: 24234.08 | W30: Montenegro | X30: 0.29312423 | Y30: 0.44024507 | Z30: 626.95697
A31: British Virgin Islands | B31: Latin America & Caribbean | C31: =VLOOKUP($A31,'Estimates of the use of water ('!$A:$Q,5,FALSE) -> 0 | D31: =VLOOKUP($A31,'Estimates of the use of water ('!$A:$Q,6,FALSE) -> 29.148001 | E31: =VLOOKUP($A31,'Estimates of the use of water ('!$A:$Q,17,FALSE) -> null | H31: Malawi | I31: 0.77855387 | J31: 0.86888702 | K31: 16745.305 | W31: Netherlands | X31: 1.46e-07 | Y31: 0 | Z31: 16938.492
A32: Brunei Darussalam | B32: East Asia & Pacific | C32: =VLOOKUP($A32,'Estimates of the use of water ('!$A:$Q,5,FALSE) -> 0.078012128 | D32: =VLOOKUP($A32,'Estimates of the use of water ('!$A:$Q,6,FALSE) -> 414.914 | E32: =VLOOKUP($A32,'Estimates of the use of water ('!$A:$Q,17,FALSE) -> null | H32: Mali | I32: 1.6295558 | J32: 1.7370362 | K32: 17438.771 | W32: North Macedonia | X32: 0.054096592 | Y32: -0.032903712 | Z32: 2079.335
A33: Bulgaria | B33: Europe & Central Asia | C33: =VLOOKUP($A33,'Estimates of the use of water ('!$A:$Q,5,FALSE) -> -0.036982074 | D33: =VLOOKUP($A33,'Estimates of the use of water ('!$A:$Q,6,FALSE) -> 7199.7388 | E33: =VLOOKUP($A33,'Estimates of the use of water ('!$A:$Q,17,FALSE) -> -0.12297047 | H33: Mauritania | I33: 0.94154797 | J33: 0.64369934 | K33: 4046.304 | W33: Norway | X33: -1.14e-06 | Y33: 0 | Z33: 5199.8271
A34: Burkina Faso | B34: Sub-Saharan Africa | C34: =VLOOKUP($A34,'Estimates of the use of water ('!$A:$Q,5,FALSE) -> -0.58445533 | D34: =VLOOKUP($A34,'Estimates of the use of water ('!$A:$Q,6,FALSE) -> 18110.615 | E34: =VLOOKUP($A34,'Estimates of the use of water ('!$A:$Q,17,FALSE) -> -1.227381 | H34: Mauritius | I34: -4.5424e-05 | J34: 0 | K34: 1259.457 | W34: Poland | X34: 0.14690433 | Y34: 0.29241935 | Z34: 38034.074
A35: Burundi | B35: Sub-Saharan Africa | C35: =VLOOKUP($A35,'Estimates of the use of water ('!$A:$Q,5,FALSE) -> 0.5251306 | D35: =VLOOKUP($A35,'Estimates of the use of water ('!$A:$Q,6,FALSE) -> 10160.034 | E35: =VLOOKUP($A35,'Estimates of the use of water ('!$A:$Q,17,FALSE) -> 0.42549967 | H35: Mozambique | I35: 2.4386501 | J35: 2.5790615 | K35: 27042.002 | W35: Portugal | X35: 0.001460766 | Y35: 0 | Z35: 10368.346
A36: Cabo Verde | B36: Sub-Saharan Africa | C36: =VLOOKUP($A36,'Estimates of the use of water ('!$A:$Q,5,FALSE) -> 0.66525281 | D36: =VLOOKUP($A36,'Estimates of the use of water ('!$A:$Q,6,FALSE) -> 524.73999 | E36: =VLOOKUP($A36,'Estimates of the use of water ('!$A:$Q,17,FALSE) -> 1.4564423 | H36: Namibia | I36: 0.34918023 | J36: 0.22302721 | K36: 2314.9009 | W36: Republic of Moldova | X36: 0.39878607 | Y36: 0.58770947 | Z36: 4070.7051
A37: Cambodia | B37: East Asia & Pacific | C37: =VLOOKUP($A37,'Estimates of the use of water ('!$A:$Q,5,FALSE) -> 0.5552072 | D37: =VLOOKUP($A37,'Estimates of the use of water ('!$A:$Q,6,FALSE) -> 15521.435 | E37: =VLOOKUP($A37,'Estimates of the use of water ('!$A:$Q,17,FALSE) -> 0.47120783 | H37: Niger | I37: 0.28586788 | J37: 0.36484353 | K37: 20001.662 | W37: Romania | X37: 0 | Y37: 0 | Z37: 19925.182
A38: Cameroon | B38: Sub-Saharan Africa | C38: =VLOOKUP($A38,'Estimates of the use of water ('!$A:$Q,5,FALSE) -> 0.34928561 | D38: =VLOOKUP($A38,'Estimates of the use of water ('!$A:$Q,6,FALSE) -> 23298.377 | E38: =VLOOKUP($A38,'Estimates of the use of water ('!$A:$Q,17,FALSE) -> 0.30438238 | H38: Nigeria | I38: 1.7658596 | J38: 1.6331522 | K38: 181137.45 | W38: Russian Federation | X38: 0.093078528 | Y38: 0.28679859 | Z38: 144985.06
... A51: Cook Islands | B51: East Asia & Pacific | C51: =VLOOKUP($A51,'Estimates of the use of water ('!$A:$Q,5,FALSE) -> 0.00358784 | D51: =VLOOKUP($A51,'Estimates of the use of water ('!$A:$Q,6,FALSE) -> 17.580999 | E51: =VLOOKUP($A51,'Estimates of the use of water ('!$A:$Q,17,FALSE) -> null | H51: Zimbabwe | I51: -0.39098582 | J51: -0.65001214 | K51: 13814.642 | W51: Yemen | X51: 0.97694024 | Y51: 1.1446132 | Z51: 26497.881
A52: Costa Rica | B52: Latin America & Caribbean | C52: =VLOOKUP($A52,'Estimates of the use of water ('!$A:$Q,5,FALSE) -> 0.086370022 | D52: =VLOOKUP($A52,'Estimates of the use of water ('!$A:$Q,6,FALSE) -> 4847.8052 | E52: =VLOOKUP($A52,'Estimates of the use of water ('!$A:$Q,17,FALSE) -> 0.2920435
A53: Côte d'Ivoire | B53: Sub-Saharan Africa | C53: =VLOOKUP($A53,'Estimates of the use of water ('!$A:$Q,5,FALSE) -> -0.033339302 | D53: =VLOOKUP($A53,'Estimates of the use of water ('!$A:$Q,6,FALSE) -> 23226.148 | E53: =VLOOKUP($A53,'Estimates of the use of water ('!$A:$Q,17,FALSE) -> -0.024144972
A54: Croatia | B54: Europe & Central Asia | C54: =VLOOKUP($A54,'Estimates of the use of water ('!$A:$Q,5,FALSE) -> null | D54: =VLOOKUP($A54,'Estimates of the use of water ('!$A:$Q,6,FALSE) -> 4232.874 | E54: =VLOOKUP($A54,'Estimates of the use of water ('!$A:$Q,17,FALSE) -> null
A55: Cuba | B55: Latin America & Caribbean | C55: =VLOOKUP($A55,'Estimates of the use of water ('!$A:$Q,5,FALSE) -> 0.22617994 | D55: =VLOOKUP($A55,'Estimates of the use of water ('!$A:$Q,6,FALSE) -> 11324.777 | E55: =VLOOKUP($A55,'Estimates of the use of water ('!$A:$Q,17,FALSE) -> 0.7883181
A56: Curaçao | B56: Latin America & Caribbean | C56: =VLOOKUP($A56,'Estimates of the use of water ('!$A:$Q,5,FALSE) -> 0 | D56: =VLOOKUP($A56,'Estimates of the use of water ('!$A:$Q,6,FALSE) -> 159.85001 | E56: =VLOOKUP($A56,'Estimates of the use of water ('!$A:$Q,17,FALSE) -> null
A57: Cyprus | B57: Europe & Central Asia | C57: =VLOOKUP($A57,'Estimates of the use of water ('!$A:$Q,5,FALSE) -> -0.004668878 | D57: =VLOOKUP($A57,'Estimates of the use of water ('!$A:$Q,6,FALSE) -> 1160.9871 | E57: =VLOOKUP($A57,'Estimates of the use of water ('!$A:$Q,17,FALSE) -> -0.003084764
A58: Czech Republic | B58: Europe & Central Asia | C58: =VLOOKUP($A58,'Estimates of the use of water ('!$A:$Q,5,FALSE) -> 9.9796e-05 | D58: =VLOOKUP($A58,'Estimates of the use of water ('!$A:$Q,6,FALSE) -> 10601.39 | E58: =VLOOKUP($A58,'Estimates of the use of water ('!$A:$Q,17,FALSE) -> 0
A59: Democratic People's Republic of Korea | B59: East Asia & Pacific | C59: =VLOOKUP($A59,'Estimates of the use of water ('!$A:$Q,5,FALSE) -> -0.27420774 | D59: =VLOOKUP($A59,'Estimates of the use of water ('!$A:$Q,6,FALSE) -> 25183.832 | E59: =VLOOKUP($A59,'Estimates of the use of water ('!$A:$Q,17,FALSE) -> -0.57266871
A60: Democratic Republic of the Congo | B60: Sub-Saharan Africa | C60: =VLOOKUP($A60,'Estimates of the use of water ('!$A:$Q,5,FALSE) -> 0.6467894 | D60: =VLOOKUP($A60,'Estimates of the use of water ('!$A:$Q,6,FALSE) -> 76244.531 | E60: =VLOOKUP($A60,'Estimates of the use of water ('!$A:$Q,17,FALSE) -> 0.27205571
A61: Denmark | B61: Europe & Central Asia | C61: =VLOOKUP($A61,'Estimates of the use of water ('!$A:$Q,5,FALSE) -> 6.5e-07 | D61: =VLOOKUP($A61,'Estimates of the use of water ('!$A:$Q,6,FALSE) -> 5688.6948 | E61: =VLOOKUP($A61,'Estimates of the use of water ('!$A:$Q,17,FALSE) -> 0
A62: Djibouti | B62: Sub-Saharan Africa | C62: =VLOOKUP($A62,'Estimates of the use of water ('!$A:$Q,5,FALSE) -> 0.052575036 | D62: =VLOOKUP($A62,'Estimates of the use of water ('!$A:$Q,6,FALSE) -> 913.99799 | E62: =VLOOKUP($A62,'Estimates of the use of water ('!$A:$Q,17,FALSE) -> -0.29569443
A63: Dominica | B63: Latin America & Caribbean | C63: =VLOOKUP($A63,'Estimates of the use of water ('!$A:$Q,5,FALSE) -> 0 | D63: =VLOOKUP($A63,'Estimates of the use of water ('!$A:$Q,6,FALSE) -> 71.175003 | E63: =VLOOKUP($A63,'Estimates of the use of water ('!$A:$Q,17,FALSE) -> null
... A234: Zimbabwe | B234: Sub-Saharan Africa | C234: =VLOOKUP($A234,'Estimates of the use of water ('!$A:$Q,5,FALSE) -> -0.39098582 | D234: =VLOOKUP($A234,'Estimates of the use of water ('!$A:$Q,6,FALSE) -> 13814.642 | E234: =VLOOKUP($A234,'Estimates of the use of water ('!$A:$Q,17,FALSE) -> -0.65001214
