Workbook

Sheet Overview
A1: Introduction
A3: Aim
A4: Investigate access to safe and affordable drinking water focussing on service levels between different country or regions
A6: Data Dictionary
A7: name | B7: The country or area name.
A8: income_group | B8: The country’s classification according to income group.
A9: pop_n | B9: The national population size estimate, in thousands.
A10: pop_u | B10: The urban population share estimate in percentage points (%)
A11: pop_r | B11: The rural population share estimate in percentage points (%)
A12: wat_lim_n | B12: The estimated national share of people with limited service (%).
A13: wat_lim_u | B13: The estimated urban share of people with limited service (%).
A14: wat_lim_r | B14: The estimated rural share of people with limited service (%).
A15: wat_unimp_n | B15: The estimated national share of people with unimproved service (%)
A16: wat_unimp_u | B16: The estimated urban share of people with unimproved service (%)
A17: wat_unimp_r | B17: The estimated rural share of people with unimproved service (%).
A18: wat_sur_n | B18: The estimated national share of people with surface service (%).
... A23: wat_bas_r | B23: The estimated rural share of people with at least basic service (%).
A26: Research Questions
A27: 1 | B27: How do the world population estimates compare to the provided data set?
A28: 2 | B28: How does urban population share compare to rural?
A29: 3 | B29: What is the tendency and spread of the different access features?
A30: 4 | B30: What is the effect of national population size and urbanisation on gross national income and water access?
A33: Key Findings
A34: 1 | B34: The dataset covers 99.6% of the world's population (only a 0.44% difference from the theoretical total), a reliable basis for global level conclusions.
A35: 2 | B35: 56% of the population is urban vs. 44% rural.
A36: 3 | B36: Basic water access is left-skewed. The mean sits below the mode for all areas (national mean 89.5 vs. mode 100, rural mean 80.1 vs. mode 100, urban mean 92.8 vs. mode 100), meaning most countries have full access, but a smaller group with much lower access pulls the average down.
B37: Rural basic access has the widest spread (IQR of 35.76, minimum of 5.22), compared to urban (IQR of 8.13, minimum of 0.14 but Q1 of 91.82). This shows urban areas are consistently close to full access, while rural access varies enormously across countries
B38: Limited, unimproved, and surface water access are all right-skewed with a mode of 0. Most countries report close to none of their population using these poorer service levels, but a smaller group of countries have much higher shares, up to 51% for unimproved rural access and up to 94% for surface water nationally.
A39: 4 | B39: Predictors of access: Population size and urbanization show no clear relationship with water access. Income group is the strongest predictor, high income countries average near 100% basic access, low income countries average about 65%.
A42: Recommendations
A43: 1 | B43: Prioritize rural water infrastructure, since rural access is the lowest and most inconsistent globally.
A44: 2 | B44: Target support toward low income countries, since income group, not population size or urbanization, is the strongest driver of access.

Sheet Data_Estimates-on-the-use-of-wa
B1: income_group | C1: pop_n | D1: pop_n_(m) | E1: pop_u | F1: pop_u_rounded | G1: pop_u_val | H1: pop_r | I1: pop_r_rounded | J1: wat_bas_n | K1: wat_bas_n (rounded) | L1: wat_lim_n | M1: wat_unimp_n | N1: wat_sur_n | O1: wat_bas_r | P1: wat_lim_r | Q1: wat_unimp_r | R1: wat_sur_r | S1: wat_bas_u | T1: wat_lim_u | U1: wat_unimp_u | V1: wat_sur_u | W1: value_cnt
A2: Saint Barthelemy | B2: NAN | C2: 9.885 | D2: =ROUNDUP(C2/1000,0) -> 1 | E2: 100 | F2: =ROUND(E2,0) -> 100 | G2: =C2*(E2/100) -> 9.885 | H2: =100-E2 -> 0 | I2: =ROUND(H2,0) -> 0 | J2: 100 | K2: =ROUND(J2,1) -> 100 | L2: 0 | M2: 0 | N2: 0 | O2: NAN | P2: NAN | Q2: NAN | R2: NAN | S2: 100 | T2: 0 | U2: 0 | V2: 0 | W2: =COUNTA(A2:V2) -> 22
A3: Nauru | B3: High income | C3: 10.834 | D3: =ROUNDUP(C3/1000,0) -> 1 | E3: 100 | F3: =ROUND(E3,0) -> 100 | G3: =C3*(E3/100) -> 10.834 | H3: =100-E3 -> 0 | I3: =ROUND(H3,0) -> 0 | J3: 100 | K3: =ROUND(J3,1) -> 100 | L3: 0 | M3: 0 | N3: 0 | O3: NAN | P3: NAN | Q3: NAN | R3: NAN | S3: 100 | T3: 0 | U3: 0 | V3: 0 | W3: =COUNTA(A3:V3) -> 22
A4: Gibraltar | B4: High income | C4: 33.691002 | D4: =ROUNDUP(C4/1000,0) -> 1 | E4: 100 | F4: =ROUND(E4,0) -> 100 | G4: =C4*(E4/100) -> 33.691002 | H4: =100-E4 -> 0 | I4: =ROUND(H4,0) -> 0 | J4: 100 | K4: =ROUND(J4,1) -> 100 | L4: 0 | M4: 0 | N4: 0 | O4: NAN | P4: NAN | Q4: NAN | R4: NAN | S4: 100 | T4: 0 | U4: 0 | V4: 0 | W4: =COUNTA(A4:V4) -> 22
A5: Saint Martin (French part) | B5: High income | C5: 38.659 | D5: =ROUNDUP(C5/1000,0) -> 1 | E5: 100 | F5: =ROUND(E5,0) -> 100 | G5: =C5*(E5/100) -> 38.659 | H5: =100-E5 -> 0 | I5: =ROUND(H5,0) -> 0 | J5: 99.999271 | K5: =ROUND(J5,1) -> 100 | L5: 0 | M5: 0.00072861055 | N5: 0 | O5: NAN | P5: NAN | Q5: NAN | R5: NAN | S5: 99.999271 | T5: 0 | U5: 0.00072861055 | V5: 0 | W5: =COUNTA(A5:V5) -> 22
A6: Monaco | B6: High income | C6: 39.243999 | D6: =ROUNDUP(C6/1000,0) -> 1 | E6: 100 | F6: =ROUND(E6,0) -> 100 | G6: =C6*(E6/100) -> 39.243999 | H6: =100-E6 -> 0 | I6: =ROUND(H6,0) -> 0 | J6: 100 | K6: =ROUND(J6,1) -> 100 | L6: 0 | M6: 0 | N6: 0 | O6: NAN | P6: NAN | Q6: NAN | R6: NAN | S6: 100 | T6: 0 | U6: 0 | V6: 0 | W6: =COUNTA(A6:V6) -> 22
A7: Bermuda | B7: High income | C7: 62.272999 | D7: =ROUNDUP(C7/1000,0) -> 1 | E7: 100 | F7: =ROUND(E7,0) -> 100 | G7: =C7*(E7/100) -> 62.272999 | H7: =100-E7 -> 0 | I7: =ROUND(H7,0) -> 0 | J7: 99.90314 | K7: =ROUND(J7,1) -> 99.9 | L7: 0 | M7: 0.096859983 | N7: 0 | O7: NAN | P7: NAN | Q7: NAN | R7: NAN | S7: 99.90314 | T7: 0 | U7: 0.096859983 | V7: 0 | W7: =COUNTA(A7:V7) -> 22
A8: China, Macao SAR | B8: High income | C8: 649.34198 | D8: =ROUNDUP(C8/1000,0) -> 1 | E8: 100 | F8: =ROUND(E8,0) -> 100 | G8: =C8*(E8/100) -> 649.34198 | H8: =100-E8 -> 0 | I8: =ROUND(H8,0) -> 0 | J8: 100 | K8: =ROUND(J8,1) -> 100 | L8: 0 | M8: 0 | N8: 0 | O8: NAN | P8: NAN | Q8: NAN | R8: NAN | S8: 100 | T8: 0 | U8: 0 | V8: 0 | W8: =COUNTA(A8:V8) -> 22
A9: Réunion | B9: NAN | C9: 895.30798 | D9: =ROUNDUP(C9/1000,0) -> 1 | E9: 99.659004 | F9: =ROUND(E9,0) -> 100 | G9: =C9*(E9/100) -> 892.25502 | H9: =100-E9 -> 0.34099579 | I9: =ROUND(H9,0) -> 0 | J9: 100 | K9: =ROUND(J9,1) -> 100 | L9: 0 | M9: 0 | N9: 0 | O9: NAN | P9: NAN | Q9: NAN | R9: NAN | S9: NAN | T9: NAN | U9: NAN | V9: NAN | W9: =COUNTA(A9:V9) -> 22
A10: Guadeloupe | B10: NAN | C10: 400.12701 | D10: =ROUNDUP(C10/1000,0) -> 1 | E10: 98.498993 | F10: =ROUND(E10,0) -> 98 | G10: =C10*(E10/100) -> 394.12108 | H10: =100-E10 -> 1.5010071 | I10: =ROUND(H10,0) -> 2 | J10: 99.803126 | K10: =ROUND(J10,1) -> 99.8 | L10: 0 | M10: 0.19687396 | N10: 0 | O10: NAN | P10: NAN | Q10: NAN | R10: NAN | S10: NAN | T10: NAN | U10: NAN | V10: NAN | W10: =COUNTA(A10:V10) -> 22
A11: San Marino | B11: High income | C11: 33.938 | D11: =ROUNDUP(C11/1000,0) -> 1 | E11: 97.499001 | F11: =ROUND(E11,0) -> 97 | G11: =C11*(E11/100) -> 33.089211 | H11: =100-E11 -> 2.5009995 | I11: =ROUND(H11,0) -> 3 | J11: 100 | K11: =ROUND(J11,1) -> 100 | L11: 0 | M11: 0 | N11: 0 | O11: NAN | P11: NAN | Q11: NAN | R11: NAN | S11: NAN | T11: NAN | U11: NAN | V11: NAN | W11: =COUNTA(A11:V11) -> 22
A12: United States Virgin Islands | B12: High income | C12: 104.423 | D12: =ROUNDUP(C12/1000,0) -> 1 | E12: 95.939003 | F12: =ROUND(E12,0) -> 96 | G12: =C12*(E12/100) -> 100.18238 | H12: =100-E12 -> 4.060997 | I12: =ROUND(H12,0) -> 4 | J12: 98.718267 | K12: =ROUND(J12,1) -> 98.7 | L12: 0 | M12: 1.2817326 | N12: 0 | O12: NAN | P12: NAN | Q12: NAN | R12: NAN | S12: NAN | T12: NAN | U12: NAN | V12: NAN | W12: =COUNTA(A12:V12) -> 22
A13: Guam | B13: High income | C13: 168.783 | D13: =ROUNDUP(C13/1000,0) -> 1 | E13: 94.938004 | F13: =ROUND(E13,0) -> 95 | G13: =C13*(E13/100) -> 160.23922 | H13: =100-E13 -> 5.0619965 | I13: =ROUND(H13,0) -> 5 | J13: 99.6952 | K13: =ROUND(J13,1) -> 99.7 | L13: 0 | M13: 0.3048 | N13: 0 | O13: NAN | P13: NAN | Q13: NAN | R13: NAN | S13: NAN | T13: NAN | U13: NAN | V13: NAN | W13: =COUNTA(A13:V13) -> 22
A14: Malta | B14: High income | C14: 441.539 | D14: =ROUNDUP(C14/1000,0) -> 1 | E14: 94.744003 | F14: =ROUND(E14,0) -> 95 | G14: =C14*(E14/100) -> 418.33173 | H14: =100-E14 -> 5.2559967 | I14: =ROUND(H14,0) -> 5 | J14: 100 | K14: =ROUND(J14,1) -> 100 | L14: 0 | M14: 0 | N14: 0 | O14: 100 | P14: 0 | Q14: 0 | R14: 0 | S14: 100 | T14: 0 | U14: 0 | V14: 0 | W14: =COUNTA(A14:V14) -> 22
A15: Iceland | B15: High income | C15: 341.25 | D15: =ROUNDUP(C15/1000,0) -> 1 | E15: 93.897995 | F15: =ROUND(E15,0) -> 94 | G15: =C15*(E15/100) -> 320.42691 | H15: =100-E15 -> 6.102005 | I15: =ROUND(H15,0) -> 6 | J15: 99.999997 | K15: =ROUND(J15,1) -> 100 | L15: 0 | M15: 2.79465e-06 | N15: 0 | O15: 100 | P15: 0 | Q15: 0 | R15: 0 | S15: 100 | T15: 0 | U15: 0 | V15: 0 | W15: =COUNTA(A15:V15) -> 22
A16: Northern Mariana Islands | B16: High income | C16: 57.556999 | D16: =ROUNDUP(C16/1000,0) -> 1 | E16: 91.797997 | F16: =ROUND(E16,0) -> 92 | G16: =C16*(E16/100) -> 52.836172 | H16: =100-E16 -> 8.2020035 | I16: =ROUND(H16,0) -> 8 | J16: 100 | K16: =ROUND(J16,1) -> 100 | L16: 0 | M16: 0 | N16: 0 | O16: NAN | P16: NAN | Q16: NAN | R16: NAN | S16: NAN | T16: NAN | U16: NAN | V16: NAN | W16: =COUNTA(A16:V16) -> 22
A17: Luxembourg | B17: High income | C17: 625.97601 | D17: =ROUNDUP(C17/1000,0) -> 1 | E17: 91.452995 | F17: =ROUND(E17,0) -> 91 | G17: =C17*(E17/100) -> 572.47381 | H17: =100-E17 -> 8.5470047 | I17: =ROUND(H17,0) -> 9 | J17: 99.879933 | K17: =ROUND(J17,1) -> 99.9 | L17: 0 | M17: 0.12006746 | N17: 0 | O17: 98.595238 | P17: 0 | Q17: 1.4047619 | R17: 0 | S17: 100 | T17: 0 | U17: 0 | V17: 0 | W17: =COUNTA(A17:V17) -> 22
A18: Saint Pierre and Miquelon | B18: NAN | C18: 5.7950001 | D18: =ROUNDUP(C18/1000,0) -> 1 | E18: 89.961998 | F18: =ROUND(E18,0) -> 90 | G18: =C18*(E18/100) -> 5.2132979 | H18: =100-E18 -> 10.038002 | I18: =ROUND(H18,0) -> 10 | J18: 91.4 | K18: =ROUND(J18,1) -> 91.4 | L18: 0 | M18: 8.6 | N18: 0 | O18: NAN | P18: NAN | Q18: NAN | R18: NAN | S18: NAN | T18: NAN | U18: NAN | V18: NAN | W18: =COUNTA(A18:V18) -> 22
A19: Marshall Islands | B19: Upper middle income | C19: 59.194 | D19: =ROUNDUP(C19/1000,0) -> 1 | E19: 88.572047 | F19: =ROUND(E19,0) -> 89 | G19: =C19*(E19/100) -> 52.429338 | H19: =100-E19 -> 11.427953 | I19: =ROUND(H19,0) -> 11 | J19: 11.387979 | K19: =ROUND(J19,1) -> 11.4 | L19: 0.039974026 | M19: 0 | N19: 94.42972 | O19: 5.39028 | P19: 0.18 | Q19: 0 | R19: 86.9 | S19: 13.1 | T19: 0 | U19: 0 | V19: NAN | W19: =COUNTA(A19:V19) -> 22
A20: Martinique | B20: NAN | C20: 375.26501 | D20: =ROUNDUP(C20/1000,0) -> 1 | E20: 89.139999 | F20: =ROUND(E20,0) -> 89 | G20: =C20*(E20/100) -> 334.51123 | H20: =100-E20 -> 10.860001 | I20: =ROUND(H20,0) -> 11 | J20: 99.841971 | K20: =ROUND(J20,1) -> 99.8 | L20: 0 | M20: 0.15802922 | N20: 0 | O20: NAN | P20: NAN | Q20: NAN | R20: NAN | S20: NAN | T20: NAN | U20: NAN | V20: NAN | W20: =COUNTA(A20:V20) -> 22
A21: Andorra | B21: High income | C21: 77.264999 | D21: =ROUNDUP(C21/1000,0) -> 1 | E21: 87.916 | F21: =ROUND(E21,0) -> 88 | G21: =C21*(E21/100) -> 67.928297 | H21: =100-E21 -> 12.084 | I21: =ROUND(H21,0) -> 12 | J21: 100 | K21: =ROUND(J21,1) -> 100 | L21: 0 | M21: 0 | N21: 0 | O21: 100 | P21: 0 | Q21: 0 | R21: 0 | S21: 100 | T21: 0 | U21: 0 | V21: 0 | W21: =COUNTA(A21:V21) -> 22
A22: American Samoa | B22: Upper middle income | C22: 55.196999 | D22: =ROUNDUP(C22/1000,0) -> 1 | E22: 87.153 | F22: =ROUND(E22,0) -> 87 | G22: =C22*(E22/100) -> 48.10584 | H22: =100-E22 -> 12.847 | I22: =ROUND(H22,0) -> 13 | J22: 99.773772 | K22: =ROUND(J22,1) -> 99.8 | L22: 0 | M22: 0.22622834 | N22: 0 | O22: NAN | P22: NAN | Q22: NAN | R22: NAN | S22: NAN | T22: NAN | U22: NAN | V22: NAN | W22: =COUNTA(A22:V22) -> 22
A23: Greenland | B23: High income | C23: 56.771999 | D23: =ROUNDUP(C23/1000,0) -> 1 | E23: 87.282005 | F23: =ROUND(E23,0) -> 87 | G23: =C23*(E23/100) -> 49.551739 | H23: =100-E23 -> 12.717995 | I23: =ROUND(H23,0) -> 13 | J23: 100 | K23: =ROUND(J23,1) -> 100 | L23: 0 | M23: 0 | N23: 0 | O23: 100 | P23: 0 | Q23: 0 | R23: 0 | S23: 100 | T23: 0 | U23: 0 | V23: 0 | W23: =COUNTA(A23:V23) -> 22
A24: French Guiana | B24: NAN | C24: 298.68201 | D24: =ROUNDUP(C24/1000,0) -> 1 | E24: 85.82 | F24: =ROUND(E24,0) -> 86 | G24: =C24*(E24/100) -> 256.3289 | H24: =100-E24 -> 14.18 | I24: =ROUND(H24,0) -> 14 | J24: 93.782216 | K24: =ROUND(J24,1) -> 93.8 | L24: 0 | M24: 6.2177837 | N24: 0 | O24: NAN | P24: NAN | Q24: NAN | R24: NAN | S24: NAN | T24: NAN | U24: NAN | V24: NAN | W24: =COUNTA(A24:V24) -> 22
A25: Palau | B25: Upper middle income | C25: 18.091999 | D25: =ROUNDUP(C25/1000,0) -> 1 | E25: 80.987999 | F25: =ROUND(E25,0) -> 81 | G25: =C25*(E25/100) -> 14.652348 | H25: =100-E25 -> 19.012001 | I25: =ROUND(H25,0) -> 19 | J25: 99.657545 | K25: =ROUND(J25,1) -> 99.7 | L25: 0 | M25: 0.3424545 | N25: 0 | O25: 99.756985 | P25: 0 | Q25: 0.24301497 | R25: 0 | S25: 99.634202 | T25: 0 | U25: 0.36579801 | V25: 0 | W25: =COUNTA(A25:V25) -> 22
A26: Falkland Islands (Malvinas) | B26: NAN | C26: 3.483 | D26: =ROUNDUP(C26/1000,0) -> 1 | E26: 78.507996 | F26: =ROUND(E26,0) -> 79 | G26: =C26*(E26/100) -> 2.7344335 | H26: =100-E26 -> 21.492004 | I26: =ROUND(H26,0) -> 21 | J26: 95.308927 | K26: =ROUND(J26,1) -> 95.3 | L26: 0 | M26: 4.6910726 | N26: 0 | O26: 78.172943 | P26: 0 | Q26: 21.827057 | R26: 0 | S26: 100 | T26: 0 | U26: 0 | V26: 0 | W26: =COUNTA(A26:V26) -> 22
A27: Brunei Darussalam | B27: High income | C27: 437.483 | D27: =ROUNDUP(C27/1000,0) -> 1 | E27: 78.250008 | F27: =ROUND(E27,0) -> 78 | G27: =C27*(E27/100) -> 342.33048 | H27: =100-E27 -> 21.749992 | I27: =ROUND(H27,0) -> 22 | J27: 99.900037 | K27: =ROUND(J27,1) -> 99.9 | L27: 0 | M27: 0.0999632 | N27: 0 | O27: NAN | P27: NAN | Q27: NAN | R27: NAN | S27: 99.65 | T27: 0 | U27: 0.35 | V27: 0 | W27: =COUNTA(A27:V27) -> 22
A28: Djibouti | B28: Lower middle income | C28: 988.00201 | D28: =ROUNDUP(C28/1000,0) -> 1 | E28: 78.061996 | F28: =ROUND(E28,0) -> 78 | G28: =C28*(E28/100) -> 771.2541 | H28: =100-E28 -> 21.938004 | I28: =ROUND(H28,0) -> 22 | J28: 76.04992 | K28: =ROUND(J28,1) -> 76 | L28: 14.757482 | M28: 7.0158761 | N28: 2.176722 | O28: 47.280733 | P28: 12.06161 | Q28: 30.735505 | R28: 9.9221522 | S28: 84.135015 | T28: 15.515111 | U28: 0.349874 | V28: 0 | W28: =COUNTA(A28:V28) -> 22
A29: Cook Islands | B29: NAN | C29: 17.563999 | D29: =ROUNDUP(C29/1000,0) -> 1 | E29: 75.495003 | F29: =ROUND(E29,0) -> 75 | G29: =C29*(E29/100) -> 13.259942 | H29: =100-E29 -> 24.504997 | I29: =ROUND(H29,0) -> 25 | J29: 99.97161 | K29: =ROUND(J29,1) -> 100 | L29: 0 | M29: 0.028389783 | N29: 0 | O29: NAN | P29: NAN | Q29: NAN | R29: NAN | S29: NAN | T29: NAN | U29: NAN | V29: NAN | W29: =COUNTA(A29:V29) -> 22
A30: Sao Tome and Principe | B30: Lower middle income | C30: 219.161 | D30: =ROUNDUP(C30/1000,0) -> 1 | E30: 74.354004 | F30: =ROUND(E30,0) -> 74 | G30: =C30*(E30/100) -> 162.95498 | H30: =100-E30 -> 25.645996 | I30: =ROUND(H30,0) -> 26 | J30: 78.226455 | K30: =ROUND(J30,1) -> 78.2 | L30: 20.237983 | M30: 0.44351993 | N30: 1.0920419 | O30: 74.300614 | P30: 19.711843 | Q30: 1.7294057 | R30: 4.2581372 | S30: 79.580543 | T30: 20.419457 | U30: 0 | V30: 0 | W30: =COUNTA(A30:V30) -> 22
A31: New Caledonia | B31: High income | C31: 285.491 | D31: =ROUNDUP(C31/1000,0) -> 1 | E31: 71.517998 | F31: =ROUND(E31,0) -> 72 | G31: =C31*(E31/100) -> 204.17745 | H31: =100-E31 -> 28.482002 | I31: =ROUND(H31,0) -> 28 | J31: 99.305321 | K31: =ROUND(J31,1) -> 99.3 | L31: 0 | M31: 0.69467943 | N31: 0 | O31: NAN | P31: NAN | Q31: NAN | R31: NAN | S31: NAN | T31: NAN | U31: NAN | V31: NAN | W31: =COUNTA(A31:V31) -> 22
A32: Cabo Verde | B32: Lower middle income | C32: 555.98798 | D32: =ROUNDUP(C32/1000,0) -> 1 | E32: 66.652 | F32: =ROUND(E32,0) -> 67 | G32: =C32*(E32/100) -> 370.57711 | H32: =100-E32 -> 33.348 | I32: =ROUND(H32,0) -> 33 | J32: 88.769606 | K32: =ROUND(J32,1) -> 88.8 | L32: 3.2091477 | M32: 0.11709501 | N32: 80.114525 | O32: 9.911127 | P32: 9.623217 | Q32: 0.35113054 | R32: 93.1 | S32: 6.9 | T32: 0 | U32: 0 | V32: NAN | W32: =COUNTA(A32:V32) -> 22
A33: Montenegro | B33: Upper middle income | C33: 628.06201 | D33: =ROUNDUP(C33/1000,0) -> 1 | E33: 67.488007 | F33: =ROUND(E33,0) -> 67 | G33: =C33*(E33/100) -> 423.86653 | H33: =100-E33 -> 32.511993 | I33: =ROUND(H33,0) -> 33 | J33: 98.856917 | K33: =ROUND(J33,1) -> 98.9 | L33: 0.54547882 | M33: 0.59231201 | N33: 0.0052926509 | O33: 98.161888 | P33: 0 | Q33: 1.8218334 | R33: 0.01627907 | S33: 99.19174 | T33: 0.80826041 | U33: 0 | V33: 0 | W33: =COUNTA(A33:V33) -> 22
A34: Suriname | B34: Upper middle income | C34: 586.63397 | D34: =ROUNDUP(C34/1000,0) -> 1 | E34: 66.149002 | F34: =ROUND(E34,0) -> 66 | G34: =C34*(E34/100) -> 388.05252 | H34: =100-E34 -> 33.850998 | I34: =ROUND(H34,0) -> 34 | J34: 97.989632 | K34: =ROUND(J34,1) -> 98 | L34: 1.0672469 | M34: 0.37933651 | N34: 0.56378488 | O34: 96.574413 | P34: 1.6002959 | Q34: 0.15980179 | R34: 1.6654897 | S34: 98.713854 | T34: 0.79446524 | U34: 0.49168089 | V34: 0 | W34: =COUNTA(A34:V34) -> 22
A35: Tuvalu | B35: Upper middle income | C35: 11.792 | D35: =ROUNDUP(C35/1000,0) -> 1 | E35: 64.014 | F35: =ROUND(E35,0) -> 64 | G35: =C35*(E35/100) -> 7.5485308 | H35: =100-E35 -> 35.986 | I35: =ROUND(H35,0) -> 36 | J35: 100 | K35: =ROUND(J35,1) -> 100 | L35: 0 | M35: 0 | N35: 0 | O35: 100 | P35: 0 | Q35: 0 | R35: 0 | S35: 100 | T35: 0 | U35: 0 | V35: 0 | W35: =COUNTA(A35:V35) -> 22
A36: French Polynesia | B36: High income | C36: 280.90399 | D36: =ROUNDUP(C36/1000,0) -> 1 | E36: 61.975002 | F36: =ROUND(E36,0) -> 62 | G36: =C36*(E36/100) -> 174.09026 | H36: =100-E36 -> 38.024998 | I36: =ROUND(H36,0) -> 38 | J36: 100 | K36: =ROUND(J36,1) -> 100 | L36: 0 | M36: 0 | N36: 0 | O36: NAN | P36: NAN | Q36: NAN | R36: NAN | S36: NAN | T36: NAN | U36: NAN | V36: NAN | W36: =COUNTA(A36:V36) -> 22
A37: Fiji | B37: Upper middle income | C37: 896.44397 | D37: =ROUNDUP(C37/1000,0) -> 1 | E37: 57.247005 | F37: =ROUND(E37,0) -> 57 | G37: =C37*(E37/100) -> 513.18733 | H37: =100-E37 -> 42.752995 | I37: =ROUND(H37,0) -> 43 | J37: 94.301065 | K37: =ROUND(J37,1) -> 94.3 | L37: 0 | M37: 3.3186028 | N37: 2.380332 | O37: 89.088024 | P37: 0 | Q37: 5.7598979 | R37: 5.152078 | S37: 98.194244 | T37: 0 | U37: 1.4954093 | V37: 0.31034659 | W37: =COUNTA(A37:V37) -> 22
A38: Kiribati | B38: Lower middle income | C38: 119.446 | D38: =ROUNDUP(C38/1000,0) -> 1 | E38: 55.593998 | F38: =ROUND(E38,0) -> 56 | G38: =C38*(E38/100) -> 66.404806 | H38: =100-E38 -> 44.406002 | I38: =ROUND(H38,0) -> 44 | J38: 77.970921 | K38: =ROUND(J38,1) -> 78 | L38: 4.0768996 | M38: 17.95218 | N38: 0 | O38: 60.994185 | P38: 2.0966098 | Q38: 36.909205 | R38: 0 | S38: 91.531175 | T38: 5.6586665 | U38: 2.8101587 | V38: 0 | W38: =COUNTA(A38:V38) -> 22
A39: Isle of Man | B39: High income | C39: 85.031998 | D39: =ROUNDUP(C39/1000,0) -> 1 | E39: 52.898003 | F39: =ROUND(E39,0) -> 53 | G39: =C39*(E39/100) -> 44.980228 | H39: =100-E39 -> 47.101997 | I39: =ROUND(H39,0) -> 47 | J39: 99.075 | K39: =ROUND(J39,1) -> 99.1 | L39: 0 | M39: 0.925 | N39: 0 | O39: NAN | P39: NAN | Q39: NAN | R39: NAN | S39: NAN | T39: NAN | U39: NAN | V39: NAN | W39: =COUNTA(A39:V39) -> 22
A40: British Virgin Islands | B40: High income | C40: 30.237 | D40: =ROUNDUP(C40/1000,0) -> 1 | E40: 48.514999 | F40: =ROUND(E40,0) -> 49 | G40: =C40*(E40/100) -> 14.66948 | H40: =100-E40 -> 51.485001 | I40: =ROUND(H40,0) -> 51 | J40: 99.864384 | K40: =ROUND(J40,1) -> 99.9 | L40: 0 | M40: 0.13561644 | N40: 0 | O40: NAN | P40: NAN | Q40: NAN | R40: NAN | S40: NAN | T40: NAN | U40: NAN | V40: NAN | W40: =COUNTA(A40:V40) -> 22
A41: Niue | B41: NAN | C41: 1.618 | D41: =ROUNDUP(C41/1000,0) -> 1 | E41: 46.202003 | F41: =ROUND(E41,0) -> 46 | G41: =C41*(E41/100) -> 0.74754843 | H41: =100-E41 -> 53.797997 | I41: =ROUND(H41,0) -> 54 | J41: 97.010876 | K41: =ROUND(J41,1) -> 97 | L41: 0 | M41: 2.9891238 | N41: 0 | O41: NAN | P41: NAN | Q41: NAN | R41: NAN | S41: NAN | T41: NAN | U41: NAN | V41: NAN | W41: =COUNTA(A41:V41) -> 22
A42: Mayotte | B42: NAN | C42: 272.81299 | D42: =ROUNDUP(C42/1000,0) -> 1 | E42: 45.750999 | F42: =ROUND(E42,0) -> 46 | G42: =C42*(E42/100) -> 124.81467 | H42: =100-E42 -> 54.249001 | I42: =ROUND(H42,0) -> 54 | J42: 96.37118 | K42: =ROUND(J42,1) -> 96.4 | L42: 0 | M42: 3.6288203 | N42: NAN | O42: NAN | P42: NAN | Q42: NAN | R42: NAN | S42: NAN | T42: NAN | U42: NAN | V42: NAN | W42: =COUNTA(A42:V42) -> 22
A43: Belize | B43: Upper middle income | C43: 397.621 | D43: =ROUNDUP(C43/1000,0) -> 1 | E43: 46.025002 | F43: =ROUND(E43,0) -> 46 | G43: =C43*(E43/100) -> 183.00507 | H43: =100-E43 -> 53.974998 | I43: =ROUND(H43,0) -> 54 | J43: 98.401955 | K43: =ROUND(J43,1) -> 98.4 | L43: 1.2491106 | M43: 0.34893474 | N43: 0 | O43: 97.995208 | P43: 1.3583177 | Q43: 0.64647474 | R43: 0 | S43: 98.87896 | T43: 1.12104 | U43: 0 | V43: 0 | W43: =COUNTA(A43:V43) -> 22
A44: Faeroe Islands | B44: High income | C44: 48.865002 | D44: =ROUNDUP(C44/1000,0) -> 1 | E44: 42.397999 | F44: =ROUND(E44,0) -> 42 | G44: =C44*(E44/100) -> 20.717783 | H44: =100-E44 -> 57.602001 | I44: =ROUND(H44,0) -> 58 | J44: 100 | K44: =ROUND(J44,1) -> 100 | L44: 0 | M44: 0 | N44: 0 | O44: NAN | P44: NAN | Q44: NAN | R44: NAN | S44: NAN | T44: NAN | U44: NAN | V44: NAN | W44: =COUNTA(A44:V44) -> 22
A45: Bhutan | B45: Lower middle income | C45: 771.612 | D45: =ROUNDUP(C45/1000,0) -> 1 | E45: 42.315998 | F45: =ROUND(E45,0) -> 42 | G45: =C45*(E45/100) -> 326.51532 | H45: =100-E45 -> 57.684002 | I45: =ROUND(H45,0) -> 58 | J45: 97.313223 | K45: =ROUND(J45,1) -> 97.3 | L45: 2.4607126 | M45: 0.17642422 | N45: 0.049640541 | O45: 96.731194 | P45: 3.2688064 | Q45: 0 | R45: 0 | S45: 98.106628 | T45: 1.3591415 | U45: 0.41692085 | V45: 0.11730916 | W45: =COUNTA(A45:V45) -> 22
A46: Maldives | B46: Upper middle income | C46: 540.54199 | D46: =ROUNDUP(C46/1000,0) -> 1 | E46: 40.668999 | F46: =ROUND(E46,0) -> 41 | G46: =C46*(E46/100) -> 219.83302 | H46: =100-E46 -> 59.331001 | I46: =ROUND(H46,0) -> 59 | J46: 99.544439 | K46: =ROUND(J46,1) -> 99.5 | L46: 0.048050691 | M46: 0.4075107 | N46: 0 | O46: 99.919012 | P46: 0.0809875 | Q46: 0 | R46: 0 | S46: 98.997989 | T46: 0 | U46: 1.0020111 | V46: 0 | W46: =COUNTA(A46:V46) -> 22
A47: Saint Helena | B47: NAN | C47: 6.0710001 | D47: =ROUNDUP(C47/1000,0) -> 1 | E47: 40.082001 | F47: =ROUND(E47,0) -> 40 | G47: =C47*(E47/100) -> 2.4333783 | H47: =100-E47 -> 59.917999 | I47: =ROUND(H47,0) -> 60 | J47: 99.1 | K47: =ROUND(J47,1) -> 99.1 | L47: 0 | M47: 0.9 | N47: 0 | O47: NAN | P47: NAN | Q47: NAN | R47: NAN | S47: NAN | T47: NAN | U47: NAN | V47: NAN | W47: =COUNTA(A47:V47) -> 22
A48: Barbados | B48: High income | C48: 287.371 | D48: =ROUNDUP(C48/1000,0) -> 1 | E48: 31.191 | F48: =ROUND(E48,0) -> 31 | G48: =C48*(E48/100) -> 89.633889 | H48: =100-E48 -> 68.809 | I48: =ROUND(H48,0) -> 69 | J48: 98.51445 | K48: =ROUND(J48,1) -> 98.5 | L48: 0.26760058 | M48: 1.217949 | N48: 0 | O48: NAN | P48: NAN | Q48: NAN | R48: NAN | S48: NAN | T48: NAN | U48: NAN | V48: NAN | W48: =COUNTA(A48:V48) -> 22
A49: Guyana | B49: Upper middle income | C49: 786.55902 | D49: =ROUNDUP(C49/1000,0) -> 1 | E49: 26.785999 | F49: =ROUND(E49,0) -> 27 | G49: =C49*(E49/100) -> 210.68769 | H49: =100-E49 -> 73.214001 | I49: =ROUND(H49,0) -> 73 | J49: 95.554807 | K49: =ROUND(J49,1) -> 95.6 | L49: 1.2052444 | M49: 1.1430698 | N49: 2.0968789 | O49: 93.92849 | P49: 1.6461939 | Q49: 1.5612748 | R49: 2.8640408 | S49: 100 | T49: 0 | U49: 0 | V49: 0 | W49: =COUNTA(A49:V49) -> 22
A50: Vanuatu | B50: Lower middle income | C50: 307.14999 | D50: =ROUNDUP(C50/1000,0) -> 1 | E50: 25.525002 | F50: =ROUND(E50,0) -> 26 | G50: =C50*(E50/100) -> 78.400041 | H50: =100-E50 -> 74.474998 | I50: =ROUND(H50,0) -> 74 | J50: 91.231191 | K50: =ROUND(J50,1) -> 91.2 | L50: 1.0623851 | M50: 0 | N50: 7.7064242 | O50: 88.397201 | P50: 1.2551327 | Q50: 0 | R50: 10.347666 | S50: 99.5 | T50: 0.5 | U50: 0 | V50: 0 | W50: =COUNTA(A50:V50) -> 22
A51: Solomon Islands | B51: Lower middle income | C51: 686.87799 | D51: =ROUNDUP(C51/1000,0) -> 1 | E51: 24.67 | F51: =ROUND(E51,0) -> 25 | G51: =C51*(E51/100) -> 169.4528 | H51: =100-E51 -> 75.33 | I51: =ROUND(H51,0) -> 75 | J51: 67.301026 | K51: =ROUND(J51,1) -> 67.3 | L51: 5.7954783 | M51: 21.267843 | N51: 5.635653 | O51: 59.405267 | P51: 6.5285236 | Q51: 26.955911 | R51: 7.1102979 | S51: 91.410777 | T51: 3.5571204 | U51: 3.8992861 | V51: 1.1328166 | W51: =COUNTA(A51:V51) -> 22
A52: Tonga | B52: Upper middle income | C52: 105.697 | D52: =ROUNDUP(C52/1000,0) -> 1 | E52: 23.098999 | F52: =ROUND(E52,0) -> 23 | G52: =C52*(E52/100) -> 24.414949 | H52: =100-E52 -> 76.901001 | I52: =ROUND(H52,0) -> 77 | J52: 98.731081 | K52: =ROUND(J52,1) -> 98.7 | L52: 0.8814973 | M52: 0.38742188 | N52: 0 | O52: 98.468079 | P52: 1.1031597 | Q52: 0.42876176 | R52: 0 | S52: 0.14354054 | T52: 0.24980128 | U52: 0 | V52: NAN | W52: =COUNTA(A52:V52) -> 22
A53: Saint Lucia | B53: Upper middle income | C53: 183.629 | D53: =ROUNDUP(C53/1000,0) -> 1 | E53: 18.841 | F53: =ROUND(E53,0) -> 19 | G53: =C53*(E53/100) -> 34.597539 | H53: =100-E53 -> 81.159 | I53: =ROUND(H53,0) -> 81 | J53: 96.887845 | K53: =ROUND(J53,1) -> 96.9 | L53: 1.8156522 | M53: 1.2965033 | N53: 0 | O53: 96.814024 | P53: 1.7341523 | Q53: 1.4518239 | R53: 0 | S53: 97.205822 | T53: 2.1667189 | U53: 0.62745892 | V53: 0 | W53: =COUNTA(A53:V53) -> 22
A54: Samoa | B54: Lower middle income | C54: 198.41 | D54: =ROUNDUP(C54/1000,0) -> 1 | E54: 17.889 | F54: =ROUND(E54,0) -> 18 | G54: =C54*(E54/100) -> 35.493565 | H54: =100-E54 -> 82.111 | I54: =ROUND(H54,0) -> 82 | J54: 91.837725 | K54: =ROUND(J54,1) -> 91.8 | L54: 6.5209 | M54: 1.4186234 | N54: 0.22275207 | O54: 91.780323 | P54: 6.2207033 | Q54: 1.7276922 | R54: 0.27128163 | S54: 92.10119 | T54: 7.89881 | U54: 0 | V54: 0 | W54: =COUNTA(A54:V54) -> 22
A55: Liechtenstein | B55: High income | C55: 38.137001 | D55: =ROUNDUP(C55/1000,0) -> 1 | E55: 14.416 | F55: =ROUND(E55,0) -> 14 | G55: =C55*(E55/100) -> 5.4978302 | H55: =100-E55 -> 85.584 | I55: =ROUND(H55,0) -> 86 | J55: 100 | K55: =ROUND(J55,1) -> 100 | L55: 0 | M55: 0 | N55: 0 | O55: NAN | P55: NAN | Q55: NAN | R55: NAN | S55: NAN | T55: NAN | U55: NAN | V55: NAN | W55: =COUNTA(A55:V55) -> 22
A56: Montserrat | B56: NAN | C56: 4.9990001 | D56: =ROUNDUP(C56/1000,0) -> 1 | E56: 9.1149998 | F56: =ROUND(E56,0) -> 9 | G56: =C56*(E56/100) -> 0.45565885 | H56: =100-E56 -> 90.885 | I56: =ROUND(H56,0) -> 91 | J56: 98.077483 | K56: =ROUND(J56,1) -> 98.1 | L56: 0 | M56: 1.9225174 | N56: 0 | O56: NAN | P56: NAN | Q56: NAN | R56: NAN | S56: NAN | T56: NAN | U56: NAN | V56: NAN | W56: =COUNTA(A56:V56) -> 22
A57: Tokelau | B57: NAN | C57: 1.35 | D57: =ROUNDUP(C57/1000,0) -> 1 | E57: 0 | F57: =ROUND(E57,0) -> 0 | G57: =C57*(E57/100) -> 0 | H57: =100-E57 -> 100 | I57: =ROUND(H57,0) -> 100 | J57: 99.707677 | K57: =ROUND(J57,1) -> 99.7 | L57: 0 | M57: 0.29232335 | N57: 0 | O57: 99.707677 | P57: 0 | Q57: 0.29232335 | R57: 0 | S57: NAN | T57: NAN | U57: NAN | V57: NAN | W57: =COUNTA(A57:V57) -> 22
A58: Wallis and Futuna Islands | B58: NAN | C58: 11.246 | D58: =ROUNDUP(C58/1000,0) -> 1 | E58: 0 | F58: =ROUND(E58,0) -> 0 | G58: =C58*(E58/100) -> 0 | H58: =100-E58 -> 100 | I58: =ROUND(H58,0) -> 100 | J58: 99.143287 | K58: =ROUND(J58,1) -> 99.1 | L58: 0 | M58: 0.85671264 | N58: 0 | O58: 99.143287 | P58: 0 | Q58: 0.85671264 | R58: 0 | S58: NAN | T58: NAN | U58: NAN | V58: NAN | W58: =COUNTA(A58:V58) -> 22
A59: Bahrain | B59: High income | C59: 1701.583 | D59: =ROUNDUP(C59/1000,0) -> 2 | E59: 89.506004 | F59: =ROUND(E59,0) -> 90 | G59: =C59*(E59/100) -> 1523.019 | H59: =100-E59 -> 10.493996 | I59: =ROUND(H59,0) -> 10 | J59: 100 | K59: =ROUND(J59,1) -> 100 | L59: 0 | M59: 0 | N59: 0 | O59: NAN | P59: NAN | Q59: NAN | R59: NAN | S59: NAN | T59: NAN | U59: NAN | V59: NAN | W59: =COUNTA(A59:V59) -> 22
A60: Estonia | B60: High income | C60: 1326.5389 | D60: =ROUNDUP(C60/1000,0) -> 2 | E60: 69.229004 | F60: =ROUND(E60,0) -> 69 | G60: =C60*(E60/100) -> 918.34969 | H60: =100-E60 -> 30.770996 | I60: =ROUND(H60,0) -> 31 | J60: 99.590782 | K60: =ROUND(J60,1) -> 99.6 | L60: 0 | M60: 0.40921822 | N60: 0 | O60: NAN | P60: NAN | Q60: NAN | R60: NAN | S60: 99.985454 | T60: 0 | U60: 0.014545793 | V60: 0 | W60: =COUNTA(A60:V60) -> 22
A61: Latvia | B61: High income | C61: 1886.202 | D61: =ROUNDUP(C61/1000,0) -> 2 | E61: 68.315002 | F61: =ROUND(E61,0) -> 68 | G61: =C61*(E61/100) -> 1288.559 | H61: =100-E61 -> 31.684998 | I61: =ROUND(H61,0) -> 32 | J61: 98.782601 | K61: =ROUND(J61,1) -> 98.8 | L61: 0.68230074 | M61: 0.5350981 | N61: 0 | O61: 98.579223 | P61: 0 | Q61: 1.4207769 | R61: 0 | S61: 98.876925 | T61: 0.99875682 | U61: 0.12431849 | V61: 0 | W61: =COUNTA(A61:V61) -> 22
A62: Cyprus | B62: High income | C62: 1207.361 | D62: =ROUNDUP(C62/1000,0) -> 2 | E62: 66.820999 | F62: =ROUND(E62,0) -> 67 | G62: =C62*(E62/100) -> 806.77066 | H62: =100-E62 -> 33.179001 | I62: =ROUND(H62,0) -> 33 | J62: 99.765173 | K62: =ROUND(J62,1) -> 99.8 | L62: 0 | M62: 0.23482682 | N62: 0 | O62: 99.845762 | P62: 0 | Q62: 0.15423828 | R62: 0 | S62: 99.725158 | T62: 0 | U62: 0.27484188 | V62: 0 | W62: =COUNTA(A62:V62) -> 22
A63: Trinidad and Tobago | B63: High income | C63: 1399.491 | D63: =ROUNDUP(C63/1000,0) -> 2 | E63: 53.214001 | F63: =ROUND(E63,0) -> 53 | G63: =C63*(E63/100) -> 744.72513 | H63: =100-E63 -> 46.785999 | I63: =ROUND(H63,0) -> 47 | J63: 98.875171 | K63: =ROUND(J63,1) -> 98.9 | L63: 1.1248292 | M63: 0 | N63: 0 | O63: NAN | P63: NAN | Q63: NAN | R63: NAN | S63: NAN | T63: NAN | U63: NAN | V63: NAN | W63: =COUNTA(A63:V63) -> 22
A64: Guinea-Bissau | B64: Low income | C64: 1967.998 | D64: =ROUNDUP(C64/1000,0) -> 2 | E64: 44.195999 | F64: =ROUND(E64,0) -> 44 | G64: =C64*(E64/100) -> 869.7764 | H64: =100-E64 -> 55.804001 | I64: =ROUND(H64,0) -> 56 | J64: 59.016912 | K64: =ROUND(J64,1) -> 59 | L64: 14.034571 | M64: 26.626377 | N64: 0.32213952 | O64: 49.831905 | P64: 9.285773 | Q64: 40.316451 | R64: 0.56587038 | S64: 70.614348 | T64: 20.030634 | U64: 9.3406253 | V64: 0.014393227 | W64: =COUNTA(A64:V64) -> 22
A65: Mauritius | B65: Upper middle income | C65: 1271.767 | D65: =ROUNDUP(C65/1000,0) -> 2 | E65: 40.759998 | F65: =ROUND(E65,0) -> 41 | G65: =C65*(E65/100) -> 518.37219 | H65: =100-E65 -> 59.240002 | I65: =ROUND(H65,0) -> 59 | J65: 99.866255 | K65: =ROUND(J65,1) -> 99.9 | L65: 0 | M65: 0.1337453 | N65: 0 | O65: 99.827682 | P65: 0 | Q65: 0.17231766 | R65: 0 | S65: 99.922315 | T65: 0 | U65: 0.077684781 | V65: 0 | W65: =COUNTA(A65:V65) -> 22
A66: Timor-Leste | B66: Lower middle income | C66: 1318.442 | D66: =ROUNDUP(C66/1000,0) -> 2 | E66: 31.32 | F66: =ROUND(E66,0) -> 31 | G66: =C66*(E66/100) -> 412.93604 | H66: =100-E66 -> 68.68 | I66: =ROUND(H66,0) -> 69 | J66: 85.495601 | K66: =ROUND(J66,1) -> 85.5 | L66: 1.885866 | M66: 8.3600294 | N66: 4.2585034 | O66: 80.487796 | P66: 2.0493647 | Q66: 11.26234 | R66: 6.2005 | S66: 96.476958 | T66: 1.5273382 | U66: 1.9957039 | V66: 0 | W66: =COUNTA(A66:V66) -> 22
A67: Eswatini | B67: Lower middle income | C67: 1160.1639 | D67: =ROUNDUP(C67/1000,0) -> 2 | E67: 24.171001 | F67: =ROUND(E67,0) -> 24 | G67: =C67*(E67/100) -> 280.42324 | H67: =100-E67 -> 75.828999 | I67: =ROUND(H67,0) -> 76 | J67: 70.753071 | K67: =ROUND(J67,1) -> 70.8 | L67: 9.5070672 | M67: 9.8355679 | N67: 9.904294 | O67: 62.466449 | P67: 12.299695 | Q67: 12.450461 | R67: 12.783395 | S67: 96.749763 | T67: 0.74606447 | U67: 1.6321642 | V67: 0.87200823 | W67: =COUNTA(A67:V67) -> 22
A68: Qatar | B68: High income | C68: 2881.0601 | D68: =ROUNDUP(C68/1000,0) -> 3 | E68: 99.235001 | F68: =ROUND(E68,0) -> 99 | G68: =C68*(E68/100) -> 2859.02 | H68: =100-E68 -> 0.76499939 | I68: =ROUND(H68,0) -> 1 | J68: 99.568102 | K68: =ROUND(J68,1) -> 99.6 | L68: 0 | M68: 0.43189806 | N68: 0 | O68: NAN | P68: NAN | Q68: NAN | R68: NAN | S68: NAN | T68: NAN | U68: NAN | V68: NAN | W68: =COUNTA(A68:V68) -> 22
A69: Puerto Rico | B69: High income | C69: 2860.8401 | D69: =ROUNDUP(C69/1000,0) -> 3 | E69: 93.581001 | F69: =ROUND(E69,0) -> 94 | G69: =C69*(E69/100) -> 2677.2028 | H69: =100-E69 -> 6.4189987 | I69: =ROUND(H69,0) -> 6 | J69: 100 | K69: =ROUND(J69,1) -> 100 | L69: 0 | M69: 0 | N69: 0 | O69: NAN | P69: NAN | Q69: NAN | R69: NAN | S69: NAN | T69: NAN | U69: NAN | V69: NAN | W69: =COUNTA(A69:V69) -> 22
A70: Gabon | B70: Upper middle income | C70: 2225.728 | D70: =ROUNDUP(C70/1000,0) -> 3 | E70: 90.092003 | F70: =ROUND(E70,0) -> 90 | G70: =C70*(E70/100) -> 2005.203 | H70: =100-E70 -> 9.9079971 | I70: =ROUND(H70,0) -> 10 | J70: 85.341931 | K70: =ROUND(J70,1) -> 85.3 | L70: 7.7352631 | M70: 6.9228084 | N70: NAN | O70: 44.745889 | P70: 10.511149 | Q70: 44.742962 | R70: NAN | S70: 89.806539 | T70: 7.4299808 | U70: 2.7634801 | V70: NAN | W70: =COUNTA(A70:V70) -> 22
A71: Botswana | B71: Upper middle income | C71: 2351.625 | D71: =ROUNDUP(C71/1000,0) -> 3 | E71: 70.876999 | F71: =ROUND(E71,0) -> 71 | G71: =C71*(E71/100) -> 1666.7612 | H71: =100-E71 -> 29.123001 | I71: =ROUND(H71,0) -> 29 | J71: 92.213563 | K71: =ROUND(J71,1) -> 92.2 | L71: 4.723039 | M71: 1.7325265 | N71: 1.3308715 | O71: 79.043724 | P71: 15.154947 | Q71: 1.5961192 | R71: 4.2052098 | S71: 97.624981 | T71: 0.43662003 | U71: 1.7885792 | V71: 0.14982023 | W71: =COUNTA(A71:V71) -> 22
A72: Lithuania | B72: High income | C72: 2722.291 | D72: =ROUNDUP(C72/1000,0) -> 3 | E72: 68.045998 | F72: =ROUND(E72,0) -> 68 | G72: =C72*(E72/100) -> 1852.4101 | H72: =100-E72 -> 31.954002 | I72: =ROUND(H72,0) -> 32 | J72: 98.013347 | K72: =ROUND(J72,1) -> 98 | L72: 0 | M72: 1.9866528 | N72: 0 | O72: 93.78278 | P72: 0 | Q72: 6.2172198 | R72: 0 | S72: 100 | T72: 0 | U72: 0 | V72: 0 | W72: =COUNTA(A72:V72) -> 22
A73: Gambia | B73: Low income | C73: 2416.6641 | D73: =ROUNDUP(C73/1000,0) -> 3 | E73: 62.581997 | F73: =ROUND(E73,0) -> 63 | G73: =C73*(E73/100) -> 1512.3966 | H73: =100-E73 -> 37.418003 | I73: =ROUND(H73,0) -> 37 | J73: 80.940407 | K73: =ROUND(J73,1) -> 80.9 | L73: 8.5973914 | M73: 10.352852 | N73: 0.10934939 | O73: 69.188523 | P73: 16.497832 | Q73: 14.243765 | R73: 0.069878937 | S73: 87.966904 | T73: 3.8736895 | U73: 8.0264573 | V73: 0.13294893 | W73: =COUNTA(A73:V73) -> 22
A74: Armenia | B74: Upper middle income | C74: 2963.2339 | D74: =ROUNDUP(C74/1000,0) -> 3 | E74: 63.313 | F74: =ROUND(E74,0) -> 63 | G74: =C74*(E74/100) -> 1876.1123 | H74: =100-E74 -> 36.687 | I74: =ROUND(H74,0) -> 37 | J74: 99.971181 | K74: =ROUND(J74,1) -> 100 | L74: 0 | M74: 0.028819308 | N74: 0 | O74: 100 | P74: 0 | Q74: 0 | R74: 0 | S74: 99.954481 | T74: 0 | U74: 0.045518784 | V74: 0 | W74: =COUNTA(A74:V74) -> 22
A75: Albania | B75: Upper middle income | C75: 2877.8 | D75: =ROUNDUP(C75/1000,0) -> 3 | E75: 62.112 | F75: =ROUND(E75,0) -> 62 | G75: =C75*(E75/100) -> 1787.4592 | H75: =100-E75 -> 37.888 | I75: =ROUND(H75,0) -> 38 | J75: 95.068039 | K75: =ROUND(J75,1) -> 95.1 | L75: 1.8846561 | M75: 3.0473051 | N75: 0 | O75: 94.091358 | P75: 2.305265 | Q75: 3.603377 | R75: 0 | S75: 95.663809 | T75: 1.6280868 | U75: 2.7081041 | V75: 0 | W75: =COUNTA(A75:V75) -> 22
A76: North Macedonia | B76: Upper middle income | C76: 2083.3799 | D76: =ROUNDUP(C76/1000,0) -> 3 | E76: 58.481998 | F76: =ROUND(E76,0) -> 58 | G76: =C76*(E76/100) -> 1218.4022 | H76: =100-E76 -> 41.518002 | I76: =ROUND(H76,0) -> 42 | J76: 97.742816 | K76: =ROUND(J76,1) -> 97.7 | L76: 1.6349941 | M76: 0.57422848 | N76: 0.047961597 | O76: 97.468715 | P76: 1.5052022 | Q76: 0.9105632 | R76: 0.11552 | S76: 97.937403 | T76: 1.727137 | U76: 0.33546006 | V76: 0 | W76: =COUNTA(A76:V76) -> 22
A77: Jamaica | B77: Upper middle income | C77: 2961.1609 | D77: =ROUNDUP(C77/1000,0) -> 3 | E77: 56.311001 | F77: =ROUND(E77,0) -> 56 | G77: =C77*(E77/100) -> 1667.4593 | H77: =100-E77 -> 43.688999 | I77: =ROUND(H77,0) -> 44 | J77: 91.029944 | K77: =ROUND(J77,1) -> 91 | L77: 5.3675709 | M77: 1.8640102 | N77: 1.7384744 | O77: 85.399912 | P77: 8.4907374 | Q77: 2.5689719 | R77: 3.5403786 | S77: 95.398016 | T77: 2.9444562 | U77: 1.3170643 | V77: 0.34046355 | W77: =COUNTA(A77:V77) -> 22
A78: Slovenia | B78: High income | C78: 2078.9319 | D78: =ROUNDUP(C78/1000,0) -> 3 | E78: 55.118004 | F78: =ROUND(E78,0) -> 55 | G78: =C78*(E78/100) -> 1145.8658 | H78: =100-E78 -> 44.881996 | I78: =ROUND(H78,0) -> 45 | J78: 99.5 | K78: =ROUND(J78,1) -> 99.5 | L78: 0 | M78: 0.5 | N78: 0 | O78: NAN | P78: NAN | Q78: NAN | R78: NAN | S78: NAN | T78: NAN | U78: NAN | V78: NAN | W78: =COUNTA(A78:V78) -> 22
A79: Namibia | B79: Upper middle income | C79: 2540.916 | D79: =ROUNDUP(C79/1000,0) -> 3 | E79: 52.033001 | F79: =ROUND(E79,0) -> 52 | G79: =C79*(E79/100) -> 1322.1149 | H79: =100-E79 -> 47.966999 | I79: =ROUND(H79,0) -> 48 | J79: 84.270036 | K79: =ROUND(J79,1) -> 84.3 | L79: 7.0876275 | M79: 3.7401437 | N79: 4.9021925 | O79: 71.256167 | P79: 11.972189 | Q79: 7.0818038 | R79: 9.6898396 | S79: 96.266965 | T79: 2.584759 | U79: 0.65961026 | V79: 0.48866542 | W79: =COUNTA(A79:V79) -> 22
A80: Lesotho | B80: Lower middle income | C80: 2142.252 | D80: =ROUNDUP(C80/1000,0) -> 3 | E80: 29.028 | F80: =ROUND(E80,0) -> 29 | G80: =C80*(E80/100) -> 621.85289 | H80: =100-E80 -> 70.972 | I80: =ROUND(H80,0) -> 71 | J80: 72.176039 | K80: =ROUND(J80,1) -> 72.2 | L80: 10.405926 | M80: 12.217255 | N80: 5.2007801 | O80: 63.650355 | P80: 13.55843 | Q80: 15.731325 | R80: 7.0598903 | S80: 93.020909 | T80: 2.698212 | U80: 3.62553 | V80: 0.65534942 | W80: =COUNTA(A80:V80) -> 22
A81: Uruguay | B81: High income | C81: 3473.7271 | D81: =ROUNDUP(C81/1000,0) -> 4 | E81: 95.514999 | F81: =ROUND(E81,0) -> 96 | G81: =C81*(E81/100) -> 3317.9304 | H81: =100-E81 -> 4.4850006 | I81: =ROUND(H81,0) -> 4 | J81: 99.495758 | K81: =ROUND(J81,1) -> 99.5 | L81: 0.50424244 | M81: 0 | N81: 0 | O81: 95.30083 | P81: 4.69917 | Q81: 0 | R81: 0 | S81: 99.692734 | T81: 0.30726556 | U81: 0 | V81: 0 | W81: =COUNTA(A81:V81) -> 22
A82: Mongolia | B82: Lower middle income | C82: 3278.292 | D82: =ROUNDUP(C82/1000,0) -> 4 | E82: 68.656998 | F82: =ROUND(E82,0) -> 69 | G82: =C82*(E82/100) -> 2250.7769 | H82: =100-E82 -> 31.343002 | I82: =ROUND(H82,0) -> 31 | J82: 85.495625 | K82: =ROUND(J82,1) -> 85.5 | L82: 2.1464289 | M82: 6.6333667 | N82: 5.7245791 | O82: 61.070751 | P82: 3.0841706 | Q82: 17.580781 | R82: 18.264297 | S82: 96.645966 | T82: 1.7183351 | U82: 1.6356993 | V82: 0 | W82: =COUNTA(A82:V82) -> 22
A83: Georgia | B83: Upper middle income | C83: 3989.175 | D83: =ROUNDUP(C83/1000,0) -> 4 | E83: 59.452995 | F83: =ROUND(E83,0) -> 59 | G83: =C83*(E83/100) -> 2371.6841 | H83: =100-E83 -> 40.547005 | I83: =ROUND(H83,0) -> 41 | J83: 97.34814 | K83: =ROUND(J83,1) -> 97.3 | L83: 0 | M83: 2.6327614 | N83: 0.019098923 | O83: 94.271884 | P83: 0 | Q83: 5.7039236 | R83: 0.024192183 | S83: 99.446154 | T83: 0 | U83: 0.53822074 | V83: 0.015625316 | W83: =COUNTA(A83:V83) -> 22
A84: Bosnia and Herzegovina | B84: Upper middle income | C84: 3280.8149 | D84: =ROUNDUP(C84/1000,0) -> 4 | E84: 49.02 | F84: =ROUND(E84,0) -> 49 | G84: =C84*(E84/100) -> 1608.2555 | H84: =100-E84 -> 50.98 | I84: =ROUND(H84,0) -> 51 | J84: 96.113898 | K84: =ROUND(J84,1) -> 96.1 | L84: 3.8236639 | M84: 0.062438438 | N84: 0 | O84: 97.333333 | P84: 2.6666667 | Q84: 0 | R84: 0 | S84: 94.845704 | T84: 5.0269222 | U84: 0.12737339 | V84: 0 | W84: =COUNTA(A84:V84) -> 22
A85: Kuwait | B85: High income | C85: 4270.563 | D85: =ROUNDUP(C85/1000,0) -> 5 | E85: 100 | F85: =ROUND(E85,0) -> 100 | G85: =C85*(E85/100) -> 4270.563 | H85: =100-E85 -> 0 | I85: =ROUND(H85,0) -> 0 | J85: 100 | K85: =ROUND(J85,1) -> 100 | L85: 0 | M85: 0 | N85: 0 | O85: NAN | P85: NAN | Q85: NAN | R85: NAN | S85: NAN | T85: NAN | U85: NAN | V85: NAN | W85: =COUNTA(A85:V85) -> 22
A86: New Zealand | B86: High income | C86: 4822.2329 | D86: =ROUNDUP(C86/1000,0) -> 5 | E86: 86.698998 | F86: =ROUND(E86,0) -> 87 | G86: =C86*(E86/100) -> 4180.8276 | H86: =100-E86 -> 13.301002 | I86: =ROUND(H86,0) -> 13 | J86: 100 | K86: =ROUND(J86,1) -> 100 | L86: 0 | M86: 0 | N86: 0 | O86: 100 | P86: 0 | Q86: 0 | R86: 0 | S86: 100 | T86: 0 | U86: 0 | V86: 0 | W86: =COUNTA(A86:V86) -> 22
A87: Panama | B87: High income | C87: 4314.7681 | D87: =ROUNDUP(C87/1000,0) -> 5 | E87: 68.414001 | F87: =ROUND(E87,0) -> 68 | G87: =C87*(E87/100) -> 2951.9055 | H87: =100-E87 -> 31.585999 | I87: =ROUND(H87,0) -> 32 | J87: 94.372544 | K87: =ROUND(J87,1) -> 94.4 | L87: 1.8734806 | M87: 2.2623042 | N87: 1.4916708 | O87: 86.323083 | P87: 1.7919826 | Q87: 7.1623643 | R87: 4.7225698 | S87: 98.088893 | T87: 1.9111073 | U87: 0 | V87: 0 | W87: =COUNTA(A87:V87) -> 22
A88: Ireland | B88: High income | C88: 4937.7959 | D88: =ROUNDUP(C88/1000,0) -> 5 | E88: 63.653 | F88: =ROUND(E88,0) -> 64 | G88: =C88*(E88/100) -> 3143.0552 | H88: =100-E88 -> 36.347 | I88: =ROUND(H88,0) -> 36 | J88: 97.399707 | K88: =ROUND(J88,1) -> 97.4 | L88: 0 | M88: 2.6002935 | N88: 0 | O88: 98.134921 | P88: 0 | Q88: 1.8650792 | R88: 0 | S88: 96.979886 | T88: 0 | U88: 3.020114 | V88: 0 | W88: =COUNTA(A88:V88) -> 22
A89: Croatia | B89: High income | C89: 4105.2681 | D89: =ROUNDUP(C89/1000,0) -> 5 | E89: 57.552998 | F89: =ROUND(E89,0) -> 58 | G89: =C89*(E89/100) -> 2362.7048 | H89: =100-E89 -> 42.447002 | I89: =ROUND(H89,0) -> 42 | J89: NAN | K89: NAN | L89: NAN | M89: NAN | N89: NAN | O89: NAN | P89: NAN | Q89: NAN | R89: NAN | S89: 100 | T89: 0 | U89: 0 | V89: 0 | W89: =COUNTA(A89:V89) -> 22
A90: Mauritania | B90: Lower middle income | C90: 4649.6602 | D90: =ROUNDUP(C90/1000,0) -> 5 | E90: 55.326996 | F90: =ROUND(E90,0) -> 55 | G90: =C90*(E90/100) -> 2572.5173 | H90: =100-E90 -> 44.673004 | I90: =ROUND(H90,0) -> 45 | J90: 71.681049 | K90: =ROUND(J90,1) -> 71.7 | L90: 13.476892 | M90: 14.820327 | N90: 0.021732034 | O90: 49.911339 | P90: 18.490397 | Q90: 31.549617 | R90: 0.048646907 | S90: 89.258695 | T90: 9.4288081 | U90: 1.3124973 | V90: 0 | W90: =COUNTA(A90:V90) -> 22
A91: Republic of Moldova | B91: Upper middle income | C91: 4033.9629 | D91: =ROUNDUP(C91/1000,0) -> 5 | E91: 42.849003 | F91: =ROUND(E91,0) -> 43 | G91: =C91*(E91/100) -> 1728.5129 | H91: =100-E91 -> 57.150997 | I91: =ROUND(H91,0) -> 57 | J91: 90.569962 | K91: =ROUND(J91,1) -> 90.6 | L91: 1.5197768 | M91: 7.910261 | N91: 0 | O91: 85.481038 | P91: 1.522563 | Q91: 12.996399 | R91: 0 | S91: 97.357444 | T91: 1.5160604 | U91: 1.1264951 | V91: 0 | W91: =COUNTA(A91:V91) -> 22
A92: Central African Republic | B92: Low income | C92: 4829.7642 | D92: =ROUNDUP(C92/1000,0) -> 5 | E92: 42.197998 | F92: =ROUND(E92,0) -> 42 | G92: =C92*(E92/100) -> 2038.0638 | H92: =100-E92 -> 57.802002 | I92: =ROUND(H92,0) -> 58 | J92: 37.202402 | K92: =ROUND(J92,1) -> 37.2 | L92: 25.682373 | M92: 33.539114 | N92: 3.5761107 | O92: 28.106594 | P92: 19.40589 | Q92: 46.373073 | R92: 6.1144429 | S92: 49.661665 | T92: 34.27978 | U92: 15.959402 | V92: 0.099152817 | W92: =COUNTA(A92:V92) -> 22
A93: Singapore | B93: High income | C93: 5850.3428 | D93: =ROUNDUP(C93/1000,0) -> 6 | E93: 100 | F93: =ROUND(E93,0) -> 100 | G93: =C93*(E93/100) -> 5850.3428 | H93: =100-E93 -> 0 | I93: =ROUND(H93,0) -> 0 | J93: 100 | K93: =ROUND(J93,1) -> 100 | L93: 0 | M93: 0 | N93: 0 | O93: NAN | P93: NAN | Q93: NAN | R93: NAN | S93: 100 | T93: 0 | U93: 0 | V93: 0 | W93: =COUNTA(A93:V93) -> 22
A94: Denmark | B94: High income | C94: 5792.2031 | D94: =ROUNDUP(C94/1000,0) -> 6 | E94: 88.116005 | F94: =ROUND(E94,0) -> 88 | G94: =C94*(E94/100) -> 5103.858 | H94: =100-E94 -> 11.883995 | I94: =ROUND(H94,0) -> 12 | J94: 100 | K94: =ROUND(J94,1) -> 100 | L94: 0 | M94: 0 | N94: 0 | O94: 100 | P94: 0 | Q94: 0 | R94: 0 | S94: 100 | T94: 0 | U94: 0 | V94: 0 | W94: =COUNTA(A94:V94) -> 22
A95: Oman | B95: High income | C95: 5106.6221 | D95: =ROUNDUP(C95/1000,0) -> 6 | E95: 86.275993 | F95: =ROUND(E95,0) -> 86 | G95: =C95*(E95/100) -> 4405.7889 | H95: =100-E95 -> 13.724007 | I95: =ROUND(H95,0) -> 14 | J95: 92.168025 | K95: =ROUND(J95,1) -> 92.2 | L95: 7.5414199 | M95: 0.2604052 | N95: 0.030150217 | O95: 76.25078 | P95: 21.632121 | Q95: 1.8974092 | R95: 0.21968974 | S95: 94.7 | T95: 5.3 | U95: 0 | V95: 0 | W95: =COUNTA(A95:V95) -> 22
A96: Finland | B96: High income | C96: 5540.7178 | D96: =ROUNDUP(C96/1000,0) -> 6 | E96: 85.517006 | F96: =ROUND(E96,0) -> 86 | G96: =C96*(E96/100) -> 4738.2559 | H96: =100-E96 -> 14.482994 | I96: =ROUND(H96,0) -> 14 | J96: 100 | K96: =ROUND(J96,1) -> 100 | L96: 0 | M96: 0 | N96: 0 | O96: 100 | P96: 0 | Q96: 0 | R96: 0 | S96: 100 | T96: 0 | U96: 0 | V96: 0 | W96: =COUNTA(A96:V96) -> 22
A97: Norway | B97: High income | C97: 5421.2422 | D97: =ROUNDUP(C97/1000,0) -> 6 | E97: 82.973991 | F97: =ROUND(E97,0) -> 83 | G97: =C97*(E97/100) -> 4498.221 | H97: =100-E97 -> 17.026009 | I97: =ROUND(H97,0) -> 17 | J97: 99.999995 | K97: =ROUND(J97,1) -> 100 | L97: 0 | M97: 4.5034075e-06 | N97: 0 | O97: 100 | P97: 0 | Q97: 0 | R97: 0 | S97: 100 | T97: 0 | U97: 0 | V97: 0 | W97: =COUNTA(A97:V97) -> 22
A98: Costa Rica | B98: Upper middle income | C98: 5094.1138 | D98: =ROUNDUP(C98/1000,0) -> 6 | E98: 80.770996 | F98: =ROUND(E98,0) -> 81 | G98: =C98*(E98/100) -> 4114.5664 | H98: =100-E98 -> 19.229004 | I98: =ROUND(H98,0) -> 19 | J98: 99.810537 | K98: =ROUND(J98,1) -> 99.8 | L98: 0.18945947 | M98: 3.5944519e-06 | N98: 0 | O98: 99.64625 | P98: 0.35375 | Q98: 0 | R98: 0 | S98: 99.849653 | T98: 0.15034714 | U98: 0 | V98: 0 | W98: =COUNTA(A98:V98) -> 22
A99: West Bank and Gaza Strip | B99: Lower middle income | C99: 5101.416 | D99: =ROUNDUP(C99/1000,0) -> 6 | E99: 76.718994 | F99: =ROUND(E99,0) -> 77 | G99: =C99*(E99/100) -> 3913.7551 | H99: =100-E99 -> 23.281006 | I99: =ROUND(H99,0) -> 23 | J99: 97.880397 | K99: =ROUND(J99,1) -> 97.9 | L99: 1.0299795 | M99: 1.0896233 | N99: NAN | O99: 98.715556 | P99: 0.31740063 | Q99: 0.96704296 | R99: NAN | S99: 97.626964 | T99: 1.2462174 | U99: 1.1268182 | V99: NAN | W99: =COUNTA(A99:V99) -> 22
A100: Congo | B100: Lower middle income | C100: 5518.0918 | D100: =ROUNDUP(C100/1000,0) -> 6 | E100: 67.829002 | F100: =ROUND(E100,0) -> 68 | G100: =C100*(E100/100) -> 3742.8666 | H100: =100-E100 -> 32.170998 | I100: =ROUND(H100,0) -> 32 | J100: 73.784512 | K100: =ROUND(J100,1) -> 73.8 | L100: 10.461172 | M100: 9.5591807 | N100: 6.1951357 | O100: 45.724413 | P100: 10.63239 | Q100: 24.40517 | R100: 19.238027 | S100: 87.093296 | T100: 10.379964 | U100: 2.51779 | V100: 0.0089494521 | W100: =COUNTA(A100:V100) -> 22
...

Sheet  Report
A1: 1 | B1: How do the world population estimates compare to the provided data set? | G1: 3 | H1: What is the tendency and spread of the different access features? | Q1: 3b | R1: How is the spread of access compare over different types of areas?
B3: total pop (theoretical) | C3: total pop_n_calculated | D3: pop percent difference
B4: 7821000000 | C4: ='Pivot Table 1'!X3*1000 -> 7786695108 | D4: =ABS(B4-C4)/((B4+C4)/2)*100 -> 0.43958947 | H4: Feature | I4: Min | J4: Q1 | K4: Q3 | L4: Max | M4: Mode | N4: Mean | O4: IQR
H5: wat_bas_n | I5: =min('Data_Estimates-on-the-use-of-wa'!J:J) -> 11.387979 | J5: =QUARTILE('Data_Estimates-on-the-use-of-wa'!J:J,1) -> 85.495613 | K5: =QUARTILE('Data_Estimates-on-the-use-of-wa'!J:J,3) -> 99.887525 | L5: 100 | M5: =MODE('Data_Estimates-on-the-use-of-wa'!J:J) -> 100 | N5: =AVERAGE('Data_Estimates-on-the-use-of-wa'!J:J) -> 89.498981 | O5: =K5-J5 -> 14.391912
A6: 2 | B6: How does urban population share compare to rural? | H6: wat_lim_n | I6: =Min('Data_Estimates-on-the-use-of-wa'!L:L) -> 0 | J6: =quartile('Data_Estimates-on-the-use-of-wa'!L:L,1) -> 0 | K6: =QUARTILE('Data_Estimates-on-the-use-of-wa'!L:L,3) -> 4.1605495 | L6: =max('Data_Estimates-on-the-use-of-wa'!L:L) -> 37.426963 | M6: =MODE('Data_Estimates-on-the-use-of-wa'!L:L) -> 0 | N6: =AVERAGE('Data_Estimates-on-the-use-of-wa'!L:L) -> 3.7892321 | O6: =K6-J6 -> 4.1605495
H7: wat_unimp_n | I7: =min('Data_Estimates-on-the-use-of-wa'!M:M) -> 0 | J7: =QUARTILE('Data_Estimates-on-the-use-of-wa'!M:M,1) -> 0.031798312 | K7: =QUARTILE('Data_Estimates-on-the-use-of-wa'!M:M,3) -> 5.2793099 | L7: =max('Data_Estimates-on-the-use-of-wa'!M:M) -> 33.539114 | M7: =MODE('Data_Estimates-on-the-use-of-wa'!M:M) -> 0 | N7: =AVERAGE('Data_Estimates-on-the-use-of-wa'!M:M) -> 4.4031669 | O7: =K7-J7 -> 5.2475116
B8: pop _u calculated | C8: pop_rural_calculated | D8: percent urban | E8: percent rural | H8: wat_sur_n | I8: =min('Data_Estimates-on-the-use-of-wa'!N:N) -> 0 | J8: =QUARTILE('Data_Estimates-on-the-use-of-wa'!N:N,1) -> 0 | K8: =QUARTILE('Data_Estimates-on-the-use-of-wa'!N:N,3) -> 1.9898353 | L8: =max('Data_Estimates-on-the-use-of-wa'!N:N) -> 94.42972 | M8: =mode('Data_Estimates-on-the-use-of-wa'!N:N) -> 0 | N8: =average('Data_Estimates-on-the-use-of-wa'!N:N) -> 2.7841715 | O8: =K8-J8 -> 1.9898353
B9: ='Pivot Table 1'!Y3*1000 -> 4375314843 | C9: =C4-B9 -> 3411380265 | D9: =B9/C4*100 -> 56.189626 | E9: =100-D9 -> 43.810374 | H9: wat_bas_r | I9: =MIN('Data_Estimates-on-the-use-of-wa'!O:O) -> 5.2211369 | J9: =QUARTILE('Data_Estimates-on-the-use-of-wa'!O:O,1) -> 63.354378 | K9: =QUARTILE('Data_Estimates-on-the-use-of-wa'!O:O,3) -> 99.119242 | L9: =MAX('Data_Estimates-on-the-use-of-wa'!O:O) -> 100 | M9: =MODE('Data_Estimates-on-the-use-of-wa'!O:O) -> 100 | N9: =AVERAGE('Data_Estimates-on-the-use-of-wa'!O:O) -> 80.075098 | O9: =K9-J9 -> 35.764864
H10: wat_lim_r | I10: =min('Data_Estimates-on-the-use-of-wa'!P:P) -> 0 | J10: =QUARTILE('Data_Estimates-on-the-use-of-wa'!P:P,1) -> 0 | K10: =QUARTILE('Data_Estimates-on-the-use-of-wa'!P:P,3) -> 8.7545468 | L10: =max('Data_Estimates-on-the-use-of-wa'!P:P) -> 42.164381 | M10: =MODE('Data_Estimates-on-the-use-of-wa'!P:P) -> 0 | N10: =AVERAGE('Data_Estimates-on-the-use-of-wa'!P:P) -> 5.9123163 | O10: =K10-J10 -> 8.7545468
H11: wat_unimp_r | I11: =min('Data_Estimates-on-the-use-of-wa'!Q:Q) -> 0 | J11: =QUARTILE('Data_Estimates-on-the-use-of-wa'!Q:Q,1) -> 0.11567871 | K11: =QUARTILE('Data_Estimates-on-the-use-of-wa'!Q:Q,3) -> 13.266339 | L11: =max('Data_Estimates-on-the-use-of-wa'!Q:Q) -> 51.215982 | M11: =MODE('Data_Estimates-on-the-use-of-wa'!Q:Q) -> 0 | N11: =AVERAGE('Data_Estimates-on-the-use-of-wa'!Q:Q) -> 8.6486528 | O11: =K11-J11 -> 13.150661
H12: wat_sur_r | I12: =min('Data_Estimates-on-the-use-of-wa'!R:R) -> 0 | J12: =quartile('Data_Estimates-on-the-use-of-wa'!R:R,1) -> 0 | K12: =quartile('Data_Estimates-on-the-use-of-wa'!R:R,3) -> 6.6737272 | L12: =max('Data_Estimates-on-the-use-of-wa'!R:R) -> 93.1 | M12: =MODE('Data_Estimates-on-the-use-of-wa'!R:R) -> 0 | N12: =AVERAGE('Data_Estimates-on-the-use-of-wa'!R:R) -> 5.7282994 | O12: =K12-J12 -> 6.6737272
H13: wat_bas_u | I13: =min('Data_Estimates-on-the-use-of-wa'!S:S) -> 0.14354054 | J13: =QUARTILE('Data_Estimates-on-the-use-of-wa'!S:S,1) -> 91.816182 | K13: =QUARTILE('Data_Estimates-on-the-use-of-wa'!S:S,3) -> 99.949418 | L13: =max('Data_Estimates-on-the-use-of-wa'!S:S) -> 100 | M13: =MODE('Data_Estimates-on-the-use-of-wa'!S:S) -> 100 | N13: =AVERAGE('Data_Estimates-on-the-use-of-wa'!S:S) -> 92.83958 | O13: =K13-J13 -> 8.1332356
H14: wat_lim_u | I14: =min('Data_Estimates-on-the-use-of-wa'!T:T) -> 0 | J14: =QUARTILE('Data_Estimates-on-the-use-of-wa'!T:T,1) -> 0 | K14: =QUARTILE('Data_Estimates-on-the-use-of-wa'!T:T,3) -> 3.8226253 | L14: =max('Data_Estimates-on-the-use-of-wa'!T:T) -> 34.27978 | M14: =MODE('Data_Estimates-on-the-use-of-wa'!T:T) -> 0 | N14: =AVERAGE('Data_Estimates-on-the-use-of-wa'!T:T) -> 3.1997842 | O14: =K14-J14 -> 3.8226253
H15: wat_unimp_u | I15: =min('Data_Estimates-on-the-use-of-wa'!U:U) -> 0 | J15: =QUARTILE('Data_Estimates-on-the-use-of-wa'!U:U,1) -> 0 | K15: =QUARTILE('Data_Estimates-on-the-use-of-wa'!U:U,3) -> 1.9704814 | L15: =max('Data_Estimates-on-the-use-of-wa'!U:U) -> 17.722035 | M15: =mode('Data_Estimates-on-the-use-of-wa'!U:U) -> 0 | N15: =AVERAGE('Data_Estimates-on-the-use-of-wa'!U:U) -> 1.5910717 | O15: =K15-J15 -> 1.9704814
H16: wat_sur_u | I16: =min('Data_Estimates-on-the-use-of-wa'!V:V) -> 0 | J16: =QUARTILE('Data_Estimates-on-the-use-of-wa'!V:V,1) -> 0 | K16: =quartile('Data_Estimates-on-the-use-of-wa'!V:V,3) -> 0.15229159 | L16: =max('Data_Estimates-on-the-use-of-wa'!V:V) -> 6.3621605 | M16: =mode('Data_Estimates-on-the-use-of-wa'!V:V) -> 0 | N16: =AVERAGE('Data_Estimates-on-the-use-of-wa'!V:V) -> 0.30325822 | O16: =K16-J16 -> 0.15229159

Sheet Pivot Table 1
A1: 4 | B1: What is the effect of national population size and urbanisation on gross national income and water access?
A2: income_group | B2: SUM of pop_n | C2: AVERAGE of pop_u | D2: AVERAGE of wat_bas_n | E2: AVERAGE of wat_lim_n | F2: AVERAGE of wat_sur_n | G2: AVERAGE of wat_unimp_n
A3: High income | B3: 1212076.1 | C3: 79.355457 | D3: 99.560198 | E3: 0.17690109 | F3: 0.022379721 | G3: 0.24084589
A4: Low income | B4: 590425.16 | C4: 36.044653 | D4: 62.819374 | E4: 16.548388 | F4: 5.4213074 | G4: 15.210931
A5: Lower middle income | B5: 3399310.2 | C5: 48.789904 | D5: 82.210493 | E5: 5.5981366 | F5: 5.8424645 | G5: 7.8386812
A6: NAN | B6: 37264.34 | C6: 61.4605 | D6: 97.181466 | E6: 0.14821981 | F6: 0.32387943 | G6: 2.3869195
A7: Upper middle income | B7: 2547619.3 | C7: 64.905656 | D7: 94.822471 | E7: 1.3247728 | F7: 2.7320684 | G7: 1.4825733
A8: Grand Total | B8: 7786695.1 | C8: 61.938324 | D8: 89.498981 | E8: 3.7892321 | F8: 2.7841715 | G8: 4.4031669
